item_id,article,truncated,claims,original_supported,light_retention,medium_retention,heavy_retention,light_absent,light_altered,light_present,medium_absent,medium_altered,medium_present,heavy_absent,heavy_altered,heavy_present
001-117134,34,True,83,82,1.0,0.9634,1.0,0,0,0,1,1,1,0,0,0
001-119465,34,True,81,81,1.0,1.0,1.0,0,0,0,0,0,0,0,0,0
001-122187,5,True,79,77,1.0,1.0,0.987,0,0,0,0,0,0,0,0,1
001-127399,3,True,86,85,1.0,1.0,1.0,0,0,0,0,0,0,0,0,0
001-127809,34,True,75,73,0.9726,0.9178,1.0,0,0,2,0,0,6,0,0,0
001-156073,34,True,84,83,1.0,1.0,1.0,0,0,0,0,0,0,0,0,0
001-163909,3,True,86,86,1.0,1.0,1.0,0,0,0,0,0,0,0,0,0
001-163911,34,True,89,86,0.8488,1.0,1.0,0,0,13,0,0,0,0,0,0
001-165951,3,True,88,88,1.0,0.9886,1.0,0,0,0,0,0,1,0,0,0
001-169210,34,True,91,83,1.0,1.0,1.0,0,0,0,0,0,0,0,0,0
001-177228,8,True,80,80,1.0,1.0,1.0,0,0,0,0,0,0,0,0,0
001-181210,10,True,86,86,1.0,1.0,1.0,0,0,0,0,0,0,0,0,0
001-181877,5,True,84,84,1.0,1.0,1.0,0,0,0,0,0,0,0,0,0
001-190025,13,True,82,81,1.0,1.0,1.0,0,0,0,0,0,0,0,0,0
001-194188,18,True,82,82,1.0,1.0,0.9878,0,0,0,0,0,0,0,1,0
001-198485,34,True,82,82,1.0,0.9512,0.9512,0,0,0,0,0,4,2,0,2
001-202750,34,True,81,81,0.9506,1.0,0.9877,0,1,3,0,0,0,0,0,1
001-202750,5,True,81,81,1.0,1.0,0.9877,0,0,0,0,0,0,0,1,0
001-203559,13,True,96,96,1.0,1.0,1.0,0,0,0,0,0,0,0,0,0
001-203931,8,True,75,75,1.0,1.0,1.0,0,0,0,0,0,0,0,0,0
001-205797,3,True,86,86,1.0,1.0,1.0,0,0,0,0,0,0,0,0,0
001-206511,2,True,86,85,1.0,1.0,1.0,0,0,0,0,0,0,0,0,0
001-212897,7,True,84,83,1.0,1.0,0.9759,0,0,0,0,0,0,0,1,1
001-213901,6,True,80,80,1.0,1.0,1.0,0,0,0,0,0,0,0,0,0
001-219194,10,True,87,85,0.9882,1.0,0.9882,0,1,0,0,0,0,0,0,1
001-222138,8,True,91,89,1.0,1.0,1.0,0,0,0,0,0,0,0,0,0
