case_name,article,violation_label,avg_rating,is_accurate,num_abstentions,num_samples,sample_ratings
CASE OF SELIMI AND KRASNIĆI v. SERBIA,6,violation,1.0,True,0,10,"[1, 1, 1, 1, 1, 1, 1, 1, 1, 1]"
CASE OF MINASYAN v. ARMENIA,6,violation,1.9,True,1,10,"[1, 1, 2, 2, 1, 5, 1, 1, 2, 3]"
CASE OF GULLOTTI v. ITALY,8,violation,1.0,True,0,10,"[1, 1, 1, 1, 1, 1, 1, 1, 1, 1]"
CASE OF EDITORIAL BOARD OF THE NEWSPAPER AND INTERNET PORTAL MAGYAR HANG AND ALHAMBRA PRESS BT v. HUNGARY,10,violation,1.0,True,0,10,"[1, 1, 1, 1, 1, 1, 1, 1, 1, 1]"
CASE OF ZAKAIDZE v. GEORGIA,3,no_violation,4.6,True,0,10,"[5, 5, 4, 5, 5, 5, 5, 5, 5, 2]"
CASE OF MACHARIK v. THE CZECH REPUBLIC,41,violation,2.6,True,0,10,"[1, 1, 1, 1, 5, 5, 5, 1, 5, 1]"
CASE OF YILDIRIM v. TÜRKİYE,6,violation,1.0,True,0,10,"[1, 1, 1, 1, 1, 1, 1, 1, 1, 1]"
CASE OF IBRAHIMI AND OTHERS v. ALBANIA,6,violation,1.0,True,0,10,"[1, 1, 1, 1, 1, 1, 1, 1, 1, 1]"
CASE OF EZEOKE v. THE UNITED KINGDOM,6,violation,1.7,True,0,10,"[4, 1, 4, 1, 1, 1, 1, 2, 1, 1]"
"CASE OF JÓHANNES BALDURSSON AND BIRKIR KRISTINSSON v. ICELAND

",6,violation,2.1,True,0,10,"[1, 1, 1, 4, 4, 1, 1, 4, 2, 2]"
CASE OF ČERNÝ AND OTHERS v. THE CZECH REPUBLIC,13,violation,1.0,True,0,10,"[1, 1, 1, 1, 1, 1, 1, 1, 1, 1]"
CASE OF TVERDOKHLEBOVA v. UKRAINE,P1-1,no_violation,4.9,True,0,10,"[5, 5, 5, 5, 5, 5, 4, 5, 5, 5]"
"CASE OF URUSBIEV AND OTHERS v. THE REPUBLIC OF MOLDOVA AND RUSSIA
",8,violation,2.4,True,7,10,"[3, 3, 1, 3, 3, 1, 3, 3, 1, 3]"
CASE OF ZVONAR v. UKRAINE,P1-1,no_violation,5.0,True,0,10,"[5, 5, 5, 5, 5, 5, 5, 5, 5, 5]"
CASE OF N.T. v. CYPRUS,3,violation,1.0,True,0,10,"[1, 1, 1, 1, 1, 1, 1, 1, 1, 1]"
CASE OF SAKELLARIS AND OTHERS v. GREECE,6,violation,1.0,True,0,10,"[1, 1, 1, 1, 1, 1, 1, 1, 1, 1]"
CASE OF RADELIĆ v. CROATIA,P1-1,violation,1.0,True,0,10,"[1, 1, 1, 1, 1, 1, 1, 1, 1, 1]"
CASE OF MARZOUKI AND OTHERS v. BULGARIA,8,violation,1.0,True,0,10,"[1, 1, 1, 1, 1, 1, 1, 1, 1, 1]"
CASE OF KAROVIĆ AND OTHERS v. BOSNIA AND HERZEGOVINA,P1-1,no_violation,1.7,False,1,10,"[1, 1, 2, 1, 1, 3, 1, 5, 1, 1]"
CASE OF MENDIETA BORREGO v. SPAIN,P1-1,violation,1.0,True,0,10,"[1, 1, 1, 1, 1, 1, 1, 1, 1, 1]"
CASE OF RUTKAUSKAS v. LITHUANIA,9,violation,1.2,True,1,10,"[3, 1, 1, 1, 1, 1, 1, 1, 1, 1]"
CASE OF STOJEVIĆ v. CROATIA,P1-1,violation,2.6,True,0,10,"[1, 1, 4, 4, 2, 4, 4, 2, 2, 2]"
CASE OF FORTUZI v. ALBANIA,6,violation,1.3,True,0,10,"[2, 1, 2, 1, 1, 1, 1, 2, 1, 1]"
CASE OF K.V. MEDITERRANEAN TOURS LIMITED v. TÜRKİYE,P1-1,violation,1.0,True,0,10,"[1, 1, 1, 1, 1, 1, 1, 1, 1, 1]"
CASE OF HEINZ AND HAIDERER v. AUSTRIA,6,violation,1.0,True,0,10,"[1, 1, 1, 1, 1, 1, 1, 1, 1, 1]"
CASE OF CONSTANTINOU AND OTHERS v. CYPRUS,P1-1,no_violation,5.0,True,0,10,"[5, 5, 5, 5, 5, 5, 5, 5, 5, 5]"
CASE OF PÁPICS AND OTHERS v. HUNGARY,3,violation,1.2,True,0,10,"[2, 1, 1, 1, 1, 1, 1, 1, 1, 2]"
CASE OF VERVELE v. GREECE,13,violation,1.0,True,0,10,"[1, 1, 1, 1, 1, 1, 1, 1, 1, 1]"
CASE OF VAINIK AND OTHERS v. ESTONIA,8,violation,1.0,True,0,10,"[1, 1, 1, 1, 1, 1, 1, 1, 1, 1]"
"CASE OF MEDIAKOMPANIYA SLOVO, TOV AND OTHERS v. UKRAINE",10,no_violation,4.9,True,0,10,"[5, 4, 5, 5, 5, 5, 5, 5, 5, 5]"
CASE OF GEORGIOS PAPADOPOULOS v. CYPRUS,P1-3,violation,1.0,True,0,10,"[1, 1, 1, 1, 1, 1, 1, 1, 1, 1]"
CASE OF A.R. v. THE UNITED KINGDOM,8,violation,1.0,True,0,10,"[1, 1, 1, 1, 1, 1, 1, 1, 1, 1]"
CASE OF A.J. AND L.E. v. SPAIN,8,violation,1.0,True,0,10,"[1, 1, 1, 1, 1, 1, 1, 1, 1, 1]"
CASE OF A.R.E. v. GREECE,5,violation,1.0,True,0,10,"[1, 1, 1, 1, 1, 1, 1, 1, 1, 1]"
CASE OF LUBARDA AND MILANOV v. SERBIA,6,violation,1.0,True,0,10,"[1, 1, 1, 1, 1, 1, 1, 1, 1, 1]"
CASE OF RADCHENKO v. UKRAINE,10,no_violation,1.0,False,0,10,"[1, 1, 1, 1, 1, 1, 1, 1, 1, 1]"
CASE OF ANDERSEN v. POLAND,8,violation,1.0,True,0,10,"[1, 1, 1, 1, 1, 1, 1, 1, 1, 1]"
CASE OF N.T. v. CYPRUS,14,violation,1.0,True,0,10,"[1, 1, 1, 1, 1, 1, 1, 1, 1, 1]"
CASE OF B.A. v. ICELAND,3,no_violation,3.9,True,2,10,"[4, 5, 5, 3, 1, 4, 5, 4, 5, 3]"
CASE OF ZAFFERANI AND OTHERS v. SAN MARINO,6,violation,1.0,True,0,10,"[1, 1, 1, 1, 1, 1, 1, 1, 1, 1]"
CASE OF PANOPOULOU AND OTHERS v. GREECE,13,violation,1.0,True,0,10,"[1, 1, 1, 1, 1, 1, 1, 1, 1, 1]"
CASE OF CHONIN AND OTHERS v. BULGARIA,P1-1,violation,1.0,True,0,10,"[1, 1, 1, 1, 1, 1, 1, 1, 1, 1]"
CASE OF SAKELLARIS AND OTHERS v. GREECE,13,violation,1.0,True,0,10,"[1, 1, 1, 1, 1, 1, 1, 1, 1, 1]"
CASE OF LASKU AND OTHERS v. ALBANIA,6,violation,1.0,True,0,10,"[1, 1, 1, 1, 1, 1, 1, 1, 1, 1]"
CASE OF PETROSYAN v. ARMENIA,13,violation,1.0,True,0,10,"[1, 1, 1, 1, 1, 1, 1, 1, 1, 1]"
CASE OF SADIGOV v. AZERBAIJAN,P1-1,violation,1.3,True,0,10,"[1, 1, 2, 1, 1, 1, 1, 2, 2, 1]"
CASE OF ČERNÝ AND OTHERS v. THE CZECH REPUBLIC,8,violation,1.0,True,0,10,"[1, 1, 1, 1, 1, 1, 1, 1, 1, 1]"
CASE OF KYRIAN v. THE CZECH REPUBLIC,8,no_violation,4.9,True,0,10,"[5, 5, 5, 4, 5, 5, 5, 5, 5, 5]"
CASE OF I.C. v. THE REPUBLIC OF MOLDOVA,4,violation,1.0,True,0,10,"[1, 1, 1, 1, 1, 1, 1, 1, 1, 1]"
CASE OF HORA v. THE UNITED KINGDOM,P1-3,no_violation,5.0,True,0,10,"[5, 5, 5, 5, 5, 5, 5, 5, 5, 5]"
CASE OF B.A. v. ICELAND,14,no_violation,4.2,True,0,10,"[5, 4, 5, 4, 4, 4, 2, 5, 5, 4]"
CASE OF TSATANI v. GREECE,6,violation,1.0,True,0,10,"[1, 1, 1, 1, 1, 1, 1, 1, 1, 1]"
CASE OF AYALA FLORES v. ITALY,8,no_violation,4.8,True,0,10,"[5, 5, 5, 5, 5, 5, 4, 4, 5, 5]"
CASE OF ASLAN AND OTHERS v. TÜRKİYE,5,violation,1.0,True,0,10,"[1, 1, 1, 1, 1, 1, 1, 1, 1, 1]"
CASE OF MONTEIRO AND TRINTA SANTOS v. PORTUGAL,13,violation,1.0,True,0,10,"[1, 1, 1, 1, 1, 1, 1, 1, 1, 1]"
CASE OF FEDERICI v. FRANCE,6,no_violation,5.0,True,0,10,"[5, 5, 5, 5, 5, 5, 5, 5, 5, 5]"
"CASE OF SHIPS WASTE OIL COLLECTOR B.V. AND OTHERS v. THE NETHERLANDS

",13,no_violation,3.7,True,0,10,"[2, 4, 1, 5, 5, 2, 4, 4, 5, 5]"
CASE OF FTITI v. GREECE,P7-2,violation,1.0,True,0,10,"[1, 1, 1, 1, 1, 1, 1, 1, 1, 1]"
CASE OF MALGAZHDAROV AND OTHERS v. RUSSIA,5,violation,1.0,True,0,10,"[1, 1, 1, 1, 1, 1, 1, 1, 1, 1]"
CASE OF M.L. v. NORTH MACEDONIA,8,violation,1.0,True,0,10,"[1, 1, 1, 1, 1, 1, 1, 1, 1, 1]"
CASE OF KASHBULLINA AND OTHERS v. RUSSIA,5,violation,1.0,True,0,10,"[1, 1, 1, 1, 1, 1, 1, 1, 1, 1]"
CASE OF VERVELE v. GREECE,6,violation,1.0,True,0,10,"[1, 1, 1, 1, 1, 1, 1, 1, 1, 1]"
CASE OF Á.F.L. v. ICELAND,14,no_violation,4.6,True,0,10,"[5, 5, 5, 5, 5, 5, 2, 5, 4, 5]"
CASE OF ABBATE AND OTHERS v. ITALY,P1-1,violation,1.0,True,0,10,"[1, 1, 1, 1, 1, 1, 1, 1, 1, 1]"
CASE OF ARVANITIS AND PHILELEFTHEROS PUBLIC COMPANY LIMITED v. CYPRUS,10,violation,1.0,True,0,10,"[1, 1, 1, 1, 1, 1, 1, 1, 1, 1]"
CASE OF UMID-T LLC v. AZERBAIJAN,P1-1,violation,1.3,True,1,10,"[1, 1, 1, 1, 1, 3, 1, 2, 1, 1]"
CASE OF VAINIK AND OTHERS v. ESTONIA,41,violation,1.2,True,0,10,"[2, 1, 1, 1, 1, 1, 1, 2, 1, 1]"
CASE OF HAGYÓ v. HUNGARY,13,violation,3.1,False,1,10,"[2, 1, 1, 5, 5, 2, 2, 3, 5, 5]"
CASE OF PYRANTIENĖ v. LITHUANIA,P1-1,violation,1.0,True,0,10,"[1, 1, 1, 1, 1, 1, 1, 1, 1, 1]"
CASE OF MOHAMMED v. AUSTRIA,3,no_violation,4.7,True,0,10,"[5, 5, 5, 5, 5, 5, 2, 5, 5, 5]"
CASE OF BELTRAM AND BELTRAM CEROVŠEK v. SLOVENIA,6,violation,1.0,True,0,10,"[1, 1, 1, 1, 1, 1, 1, 1, 1, 1]"
CASE OF BRZUSZCZYŃSKI v. POLAND,6,no_violation,2.4,False,0,10,"[2, 1, 5, 2, 5, 1, 5, 1, 1, 1]"
CASE OF INSANOV v. AZERBAIJAN,3,violation,1.9,True,2,10,"[2, 1, 2, 2, 2, 1, 1, 2, 3, 3]"
CASE OF N.M.B. v. SWEDEN,3,no_violation,5.0,True,0,10,"[5, 5, 5, 5, 5, 5, 5, 5, 5, 5]"
CASE OF SIZAREV v. UKRAINE,5,violation,1.1,True,0,10,"[2, 1, 1, 1, 1, 1, 1, 1, 1, 1]"
CASE OF MOSKALENKO AND OTHERS v. UKRAINE,P1-1,violation,1.0,True,0,10,"[1, 1, 1, 1, 1, 1, 1, 1, 1, 1]"
CASE OF JEZNIK v. SLOVENIA,6,violation,1.0,True,0,10,"[1, 1, 1, 1, 1, 1, 1, 1, 1, 1]"
CASE OF QAMA v. ALBANIA AND ITALY,8,no_violation,2.6,False,1,10,"[4, 2, 2, 1, 2, 3, 4, 2, 2, 4]"
CASE OF TARASOV v. UKRAINE,3,violation,1.0,True,0,10,"[1, 1, 1, 1, 1, 1, 1, 1, 1, 1]"
CASE OF ROZHENKO AND OTHERS v. UKRAINE,P1-1,violation,1.0,True,0,10,"[1, 1, 1, 1, 1, 1, 1, 1, 1, 1]"
CASE OF JASHI v. GEORGIA,3,violation,1.0,True,0,10,"[1, 1, 1, 1, 1, 1, 1, 1, 1, 1]"
CASE OF ABDI v. THE UNITED KINGDOM,5,violation,1.0,True,0,10,"[1, 1, 1, 1, 1, 1, 1, 1, 1, 1]"
CASE OF TOMIĆ AND OTHERS v. BOSNIA AND HERZEGOVINA,6,violation,1.0,True,0,10,"[1, 1, 1, 1, 1, 1, 1, 1, 1, 1]"
CASE OF SCHÄDLER-EBERLE v. LIECHTENSTEIN,6,no_violation,3.9,True,3,10,"[1, 4, 5, 3, 5, 5, 5, 3, 5, 3]"
CASE OF RUDNICHENKO v. UKRAINE,5,violation,1.0,True,0,10,"[1, 1, 1, 1, 1, 1, 1, 1, 1, 1]"
"CASE OF PAPADAKIS v. ""THE FORMER YUGOSLAV REPUBLIC OF MACEDONIA""",6,violation,1.0,True,0,10,"[1, 1, 1, 1, 1, 1, 1, 1, 1, 1]"
CASE OF GAVULA v. UKRAINE,34,no_violation,4.8,True,1,10,"[5, 5, 5, 5, 5, 5, 5, 5, 5, 3]"
CASE OF MAJS EKSPORT-IMPORT v. SERBIA,P1-1,violation,1.0,True,0,10,"[1, 1, 1, 1, 1, 1, 1, 1, 1, 1]"
CASE OF MIJANOVIĆ v. MONTENEGRO,6,violation,1.0,True,0,10,"[1, 1, 1, 1, 1, 1, 1, 1, 1, 1]"
CASE OF EREMIA v. THE REPUBLIC OF MOLDOVA,14,violation,1.0,True,0,10,"[1, 1, 1, 1, 1, 1, 1, 1, 1, 1]"
CASE OF TUNCER GÜNEŞ v. TURKEY,14,violation,1.0,True,0,10,"[1, 1, 1, 1, 1, 1, 1, 1, 1, 1]"
CASE OF ROMAN v. FINLAND,8,violation,1.0,True,0,10,"[1, 1, 1, 1, 1, 1, 1, 1, 1, 1]"
"CASE OF GRUPA ZASTAVA VOZILA, A.D. v. SLOVENIA",6,violation,1.0,True,0,10,"[1, 1, 1, 1, 1, 1, 1, 1, 1, 1]"
CASE OF N.M.Y. AND OTHERS v. SWEDEN,3,no_violation,5.0,True,0,10,"[5, 5, 5, 5, 5, 5, 5, 5, 5, 5]"
CASE OF BELOUSOV v. UKRAINE,8,violation,1.7,True,0,10,"[1, 1, 1, 2, 2, 2, 1, 2, 4, 1]"
CASE OF LAY  LAY COMPANY LIMITED v. MALTA,P1-1,no_violation,4.7,True,0,10,"[4, 5, 5, 5, 4, 5, 5, 4, 5, 5]"
CASE OF CLAES v. BELGIUM [Extracts],3,violation,1.0,True,0,10,"[1, 1, 1, 1, 1, 1, 1, 1, 1, 1]"
CASE OF BUDREVICH v. THE CZECH REPUBLIC,13,violation,1.0,True,0,10,"[1, 1, 1, 1, 1, 1, 1, 1, 1, 1]"
CASE OF JULIUS KLOIBER SCHLACHTHOF GMBH AND OTHERS v. AUSTRIA,6,violation,1.0,True,0,10,"[1, 1, 1, 1, 1, 1, 1, 1, 1, 1]"
CASE OF ZEYNALOV v. AZERBAIJAN,6,violation,1.0,True,0,10,"[1, 1, 1, 1, 1, 1, 1, 1, 1, 1]"
CASE OF VILNES AND OTHERS v. NORWAY,2,no_violation,4.9,True,0,10,"[4, 5, 5, 5, 5, 5, 5, 5, 5, 5]"
CASE OF DE LUCA v. ITALY (extracts),6,violation,4.0,False,1,10,"[1, 5, 5, 5, 5, 3, 5, 5, 1, 5]"
CASE OF GERASHCHENKO v. UKRAINE,34,no_violation,1.2,False,0,10,"[1, 1, 1, 2, 2, 1, 1, 1, 1, 1]"
"CASE OF VELINOV v. ""THE FORMER YUGOSLAV REPUBLIC OF MACEDONIA""",5,violation,1.0,True,0,10,"[1, 1, 1, 1, 1, 1, 1, 1, 1, 1]"
CASE OF VARAVA AND OTHERS v. UKRAINE,6,violation,1.0,True,0,10,"[1, 1, 1, 1, 1, 1, 1, 1, 1, 1]"
CASE OF KONONOVA v. UKRAINE,P1-1,violation,1.0,True,0,10,"[1, 1, 1, 1, 1, 1, 1, 1, 1, 1]"
CASE OF MATRAKAS AND OTHERS v. POLAND AND GREECE,6,violation,1.2,True,1,10,"[1, 1, 1, 3, 1, 1, 1, 1, 1, 1]"
CASE OF D.N.M. v. SWEDEN,2,no_violation,5.0,True,0,10,"[5, 5, 5, 5, 5, 5, 5, 5, 5, 5]"
CASE OF DELFI AS v. ESTONIA,10,no_violation,4.8,True,1,10,"[3, 5, 5, 5, 5, 5, 5, 5, 5, 5]"
CASE OF DONOHOE v. IRELAND,6,no_violation,4.9,True,0,10,"[5, 5, 5, 5, 5, 5, 5, 4, 5, 5]"
CASE OF SAINT-PAUL LUXEMBOURG S.A. v. LUXEMBOURG,8,violation,1.0,True,0,10,"[1, 1, 1, 1, 1, 1, 1, 1, 1, 1]"
CASE OF KRISTIANSEN AND TYVIK AS v. NORWAY,6,violation,1.0,True,0,10,"[1, 1, 1, 1, 1, 1, 1, 1, 1, 1]"
CASE OF TRUNK v. SLOVENIA,6,violation,1.0,True,0,10,"[1, 1, 1, 1, 1, 1, 1, 1, 1, 1]"
CASE OF PUTISTIN v. UKRAINE,8,no_violation,5.0,True,0,10,"[5, 5, 5, 5, 5, 5, 5, 5, 5, 5]"
CASE OF BANDALETOV v. UKRAINE,6,no_violation,2.0,False,0,10,"[2, 1, 1, 5, 2, 2, 2, 2, 2, 1]"
CASE OF OROŽIM v. SLOVENIA,6,violation,1.0,True,0,10,"[1, 1, 1, 1, 1, 1, 1, 1, 1, 1]"
CASE OF ROUSK v. SWEDEN,P1-1,violation,1.0,True,0,10,"[1, 1, 1, 1, 1, 1, 1, 1, 1, 1]"
CASE OF KOMAROVA v. UKRAINE,5,violation,1.4,True,0,10,"[1, 1, 1, 1, 1, 1, 5, 1, 1, 1]"
"CASE OF GRUPA ZASTAVA VOZILA, A.D. v. SLOVENIA",13,violation,1.0,True,0,10,"[1, 1, 1, 1, 1, 1, 1, 1, 1, 1]"
CASE OF VINTER AND OTHERS v. THE UNITED KINGDOM,3,violation,1.4,True,0,10,"[1, 1, 1, 5, 1, 1, 1, 1, 1, 1]"
CASE OF MAKSYMENKO AND GERASYMENKO v. UKRAINE,P1-1,violation,1.0,True,0,10,"[1, 1, 1, 1, 1, 1, 1, 1, 1, 1]"
CASE OF T.A. v. SWEDEN,3,no_violation,5.0,True,0,10,"[5, 5, 5, 5, 5, 5, 5, 5, 5, 5]"
CASE OF SARDÓN ALVIRA v. SPAIN,6,no_violation,5.0,True,0,10,"[5, 5, 5, 5, 5, 5, 5, 5, 5, 5]"
CASE OF VLAD AND OTHERS v. ROMANIA,13,violation,1.0,True,0,10,"[1, 1, 1, 1, 1, 1, 1, 1, 1, 1]"
CASE OF ZAROCHENTSEV v. UKRAINE,P4-2,violation,1.0,True,0,10,"[1, 1, 1, 1, 1, 1, 1, 1, 1, 1]"
CASE OF SALAKHOV AND ISLYAMOVA v. UKRAINE,34,violation,2.8,True,0,10,"[1, 5, 1, 1, 5, 2, 2, 1, 5, 5]"
CASE OF KLINOVSKÁ v. SLOVAKIA,13,violation,1.0,True,0,10,"[1, 1, 1, 1, 1, 1, 1, 1, 1, 1]"
CASE OF YURIY SLYUSAR v. UKRAINE,2,violation,1.0,True,0,10,"[1, 1, 1, 1, 1, 1, 1, 1, 1, 1]"
CASE OF SAINT-PAUL LUXEMBOURG S.A. v. LUXEMBOURG,10,violation,1.0,True,0,10,"[1, 1, 1, 1, 1, 1, 1, 1, 1, 1]"
CASE OF ROONEY v. IRELAND,6,violation,1.0,True,0,10,"[1, 1, 1, 1, 1, 1, 1, 1, 1, 1]"
CASE OF ROUSK v. SWEDEN,8,violation,1.0,True,0,10,"[1, 1, 1, 1, 1, 1, 1, 1, 1, 1]"
CASE OF LAVRECHOV v. THE CZECH REPUBLIC,P1-1,no_violation,5.0,True,0,10,"[5, 5, 5, 5, 5, 5, 5, 5, 5, 5]"
CASE OF MEŽNARIČ v. SLOVENIA,13,violation,1.0,True,0,10,"[1, 1, 1, 1, 1, 1, 1, 1, 1, 1]"
CASE OF TERNOVIK AND OTHERS v. UKRAINE,P1-1,violation,1.0,True,0,10,"[1, 1, 1, 1, 1, 1, 1, 1, 1, 1]"
CASE OF VARAPNICKAITE-MAZYLIENE v. LITHUANIA,8,no_violation,5.0,True,0,10,"[5, 5, 5, 5, 5, 5, 5, 5, 5, 5]"
CASE OF RRAPO v. ALBANIA,2,no_violation,5.0,True,0,10,"[5, 5, 5, 5, 5, 5, 5, 5, 5, 5]"
CASE OF SCOPPOLA v. ITALY (No. 3),P1-3,no_violation,1.8,False,0,10,"[1, 1, 5, 1, 1, 1, 1, 1, 1, 5]"
CASE OF M. AND OTHERS v. ITALY AND BULGARIA,3,no_violation,1.0,False,0,10,"[1, 1, 1, 1, 1, 1, 1, 1, 1, 1]"
CASE OF JULIN v. ESTONIA,3,violation,1.0,True,0,10,"[1, 1, 1, 1, 1, 1, 1, 1, 1, 1]"
CASE OF AUSTIN AND OTHERS v. THE UNITED KINGDOM,5,no_violation,4.0,True,0,10,"[5, 4, 5, 5, 5, 5, 2, 2, 5, 2]"
CASE OF HODE AND ABDI v. THE UNITED KINGDOM,14,violation,1.4,True,0,10,"[1, 1, 1, 1, 1, 1, 1, 5, 1, 1]"
CASE OF DIMITAR IVANOV v. BULGARIA,P4-2,violation,1.5,True,0,10,"[1, 1, 1, 1, 5, 1, 1, 1, 1, 2]"
CASE OF WENERSKI v. POLAND (No. 2),3,violation,1.0,True,0,10,"[1, 1, 1, 1, 1, 1, 1, 1, 1, 1]"
CASE OF H. v. FINLAND,14,no_violation,4.6,True,0,10,"[5, 1, 5, 5, 5, 5, 5, 5, 5, 5]"
CASE OF DRAKSAS v. LITHUANIA,8,violation,1.0,True,0,10,"[1, 1, 1, 1, 1, 1, 1, 1, 1, 1]"
CASE OF LEVIN v. SWEDEN,8,no_violation,5.0,True,0,10,"[5, 5, 5, 5, 5, 5, 5, 5, 5, 5]"
CASE OF G v. GERMANY,7,violation,1.0,True,0,10,"[1, 1, 1, 1, 1, 1, 1, 1, 1, 1]"
CASE OF ANDREŞAN v. ROMANIA,3,violation,1.0,True,0,10,"[1, 1, 1, 1, 1, 1, 1, 1, 1, 1]"
CASE OF TONIOLO v. SAN MARINO AND ITALY,5,violation,1.8,True,0,10,"[1, 1, 2, 4, 2, 1, 1, 1, 1, 4]"
CASE OF TARBUK v. CROATIA,6,no_violation,5.0,True,0,10,"[5, 5, 5, 5, 5, 5, 5, 5, 5, 5]"
CASE OF BALL v. ANDORRA,8,no_violation,5.0,True,0,10,"[5, 5, 5, 5, 5, 5, 5, 5, 5, 5]"
CASE OF HARKINS AND EDWARDS v. THE UNITED KINGDOM,3,no_violation,4.5,True,0,10,"[4, 4, 4, 4, 5, 5, 5, 5, 4, 5]"
CASE OF SÝKORA v. THE CZECH REPUBLIC,5,violation,1.0,True,0,10,"[1, 1, 1, 1, 1, 1, 1, 1, 1, 1]"
CASE OF HARROUDJ v. FRANCE,8,no_violation,5.0,True,0,10,"[5, 5, 5, 5, 5, 5, 5, 5, 5, 5]"
CASE OF MILIĆ v. MONTENEGRO AND SERBIA,13,violation,1.0,True,0,10,"[1, 1, 1, 1, 1, 1, 1, 1, 1, 1]"
CASE OF PETA DEUTSCHLAND v. GERMANY,10,no_violation,4.6,True,0,10,"[5, 5, 5, 5, 5, 5, 5, 1, 5, 5]"
CASE OF FALTER ZEITSCHRIFTEN GMBH v. AUSTRIA (No. 2),10,no_violation,5.0,True,0,10,"[5, 5, 5, 5, 5, 5, 5, 5, 5, 5]"
CASE OF VAN COLLE v. THE UNITED KINGDOM,2,no_violation,4.6,True,0,10,"[5, 5, 1, 5, 5, 5, 5, 5, 5, 5]"
CASE OF MALKHASYAN v. ARMENIA,5,violation,1.0,True,0,10,"[1, 1, 1, 1, 1, 1, 1, 1, 1, 1]"
CASE OF MADAH AND OTHERS v. BULGARIA,13,violation,1.0,True,0,10,"[1, 1, 1, 1, 1, 1, 1, 1, 1, 1]"
CASE OF GENDERDOC-M v. MOLDOVA,14,violation,2.5,True,0,10,"[1, 5, 1, 5, 1, 5, 4, 1, 1, 1]"
CASE OF HARTMAN v. SLOVENIA,6,violation,1.0,True,0,10,"[1, 1, 1, 1, 1, 1, 1, 1, 1, 1]"
CASE OF KOTSEV AND ERMENKOVA v. BULGARIA,6,violation,1.0,True,0,10,"[1, 1, 1, 1, 1, 1, 1, 1, 1, 1]"
CASE OF JIRSÁK v. THE CZECH REPUBLIC,3,no_violation,2.0,False,0,10,"[5, 1, 5, 2, 1, 1, 1, 2, 1, 1]"
CASE OF SHUVALOV v. ESTONIA,6,no_violation,1.3,False,0,10,"[1, 2, 1, 2, 2, 1, 1, 1, 1, 1]"
CASE OF SETA v. GREECE AND GERMANY,6,violation,1.0,True,0,10,"[1, 1, 1, 1, 1, 1, 1, 1, 1, 1]"
CASE OF LEVINTA v. MOLDOVA (No. 2),5,violation,1.0,True,0,10,"[1, 1, 1, 1, 1, 1, 1, 1, 1, 1]"
CASE OF YAVUZDOGAN v. TURKEY,6,violation,1.0,True,0,10,"[1, 1, 1, 1, 1, 1, 1, 1, 1, 1]"
CASE OF MICHAUD v. FRANCE,8,no_violation,5.0,True,0,10,"[5, 5, 5, 5, 5, 5, 5, 5, 5, 5]"
CASE OF MURTIĆ AND ĆERIMOVIĆ v. BOSNIA AND HERZEGOVINA,6,violation,1.0,True,0,10,"[1, 1, 1, 1, 1, 1, 1, 1, 1, 1]"
CASE OF HATİCE DUMAN v. TURKEY,5,violation,1.0,True,0,10,"[1, 1, 1, 1, 1, 1, 1, 1, 1, 1]"
CASE OF I.G. AND OTHERS v. SLOVAKIA,3,violation,1.0,True,0,10,"[1, 1, 1, 1, 1, 1, 1, 1, 1, 1]"
CASE OF DADIANI AND MACHABELI v. GEORGIA,6,violation,1.0,True,0,10,"[1, 1, 1, 1, 1, 1, 1, 1, 1, 1]"
CASE OF EPNERS-GEFNERS v. LATVIA,8,no_violation,3.7,True,1,10,"[2, 5, 4, 5, 4, 2, 5, 3, 2, 5]"
CASE OF PAWEŁ PAWLAK v. POLAND,3,violation,1.0,True,0,10,"[1, 1, 1, 1, 1, 1, 1, 1, 1, 1]"
CASE OF STANDARD VERLAGS GMBH v. AUSTRIA (No. 3),10,violation,1.0,True,0,10,"[1, 1, 1, 1, 1, 1, 1, 1, 1, 1]"
CASE OF TONOV AND OTHERS v. BULGARIA,P1-1,violation,1.0,True,0,10,"[1, 1, 1, 1, 1, 1, 1, 1, 1, 1]"
CASE OF VIKULOV AND OTHERS  v. LATVIA,3,no_violation,3.8,True,0,10,"[5, 2, 5, 2, 5, 2, 5, 2, 5, 5]"
CASE OF TELEGRAAF MEDIA NEDERLAND LANDELIJKE MEDIA B.V. AND OTHERS v. THE NETHERLANDS,8,violation,1.4,True,0,10,"[1, 1, 1, 1, 1, 1, 1, 5, 1, 1]"
CASE OF BOULOIS v. LUXEMBOURG,6,no_violation,5.0,True,0,10,"[5, 5, 5, 5, 5, 5, 5, 5, 5, 5]"
CASE OF SARKIZOV AND OTHERS v. BULGARIA,P4-2,violation,2.1,True,0,10,"[1, 1, 4, 1, 1, 2, 1, 5, 1, 4]"
CASE OF MANUSHAQE PUTO AND OTHERS v. ALBANIA,P1-1,violation,1.0,True,0,10,"[1, 1, 1, 1, 1, 1, 1, 1, 1, 1]"
CASE OF CATAN AND OTHERS v. THE REPUBLIC OF MOLDOVA AND RUSSIA,P1-2,no_violation,1.0,False,0,10,"[1, 1, 1, 1, 1, 1, 1, 1, 1, 1]"
CASE OF MITKUS v. LATVIA,6,no_violation,1.5,False,0,10,"[1, 1, 2, 2, 2, 1, 2, 1, 1, 2]"
"CASE OF ALIŠIĆ AND OTHERS v. BOSNIA AND HERZEGOVINA, CROATIA, SERBIA, SLOVENIA AND ""THE FORMER YUGOSLAV REPUBLIC OF MACEDONIA""",13,violation,1.3,True,1,10,"[1, 1, 1, 1, 2, 1, 1, 1, 1, 3]"
CASE OF F.N. AND OTHERS v. SWEDEN,3,violation,1.0,True,0,10,"[1, 1, 1, 1, 1, 1, 1, 1, 1, 1]"
CASE OF USTYANTSEV v. UKRAINE,34,no_violation,5.0,True,0,10,"[5, 5, 5, 5, 5, 5, 5, 5, 5, 5]"
CASE OF HRISTOZOV AND OTHERS v. BULGARIA ,2,no_violation,4.9,True,0,10,"[5, 5, 5, 4, 5, 5, 5, 5, 5, 5]"
CASE OF BAJSULTANOV v. AUSTRIA,3,no_violation,5.0,True,0,10,"[5, 5, 5, 5, 5, 5, 5, 5, 5, 5]"
CASE OF GAS AND DUBOIS v. FRANCE,14,no_violation,3.8,True,0,10,"[5, 1, 2, 5, 5, 5, 4, 5, 1, 5]"
CASE OF KHONIAKINA v. GEORGIA,P1-1,no_violation,5.0,True,0,10,"[5, 5, 5, 5, 5, 5, 5, 5, 5, 5]"
CASE OF KESKINEN AND VELJEKSET KESKINEN OY v. FINLAND,6,no_violation,1.5,False,0,10,"[1, 2, 1, 4, 1, 1, 1, 1, 2, 1]"
CASE OF X v. FINLAND,8,violation,3.2,False,2,10,"[4, 3, 2, 3, 4, 1, 5, 4, 1, 5]"
CASE OF HARDY AND MAILE v. THE UNITED KINGDOM,8,no_violation,5.0,True,0,10,"[5, 5, 5, 5, 5, 5, 5, 5, 5, 5]"
CASE OF H. v. FINLAND,8,no_violation,4.7,True,0,10,"[5, 2, 5, 5, 5, 5, 5, 5, 5, 5]"
CASE OF KAPERZYNSKI v. POLAND,10,violation,1.0,True,0,10,"[1, 1, 1, 1, 1, 1, 1, 1, 1, 1]"
CASE OF BALOGUN v. THE UNITED KINGDOM,8,no_violation,5.0,True,0,10,"[5, 5, 5, 5, 5, 5, 5, 5, 5, 5]"
CASE OF SOLOMAKHIN v. UKRAINE,8,no_violation,5.0,True,0,10,"[5, 5, 5, 5, 5, 5, 5, 5, 5, 5]"
CASE OF ALEKSEJEVA  v. LATVIA,8,no_violation,2.5,False,3,10,"[1, 4, 1, 5, 3, 3, 1, 2, 3, 2]"
CASE OF VIDGEN v. THE NETHERLANDS,6,violation,1.0,True,0,10,"[1, 1, 1, 1, 1, 1, 1, 1, 1, 1]"
CASE OF J.M. v. DENMARK,5,no_violation,4.9,True,0,10,"[5, 5, 5, 5, 5, 5, 5, 5, 5, 4]"
CASE OF BOUKROUROU AND OTHERS v. FRANCE,2,no_violation,4.3,True,0,10,"[2, 2, 5, 4, 5, 5, 5, 5, 5, 5]"
CASE OF EGILL EINARSSON v. ICELAND,41,violation,4.2,False,0,10,"[2, 4, 4, 4, 5, 5, 4, 5, 4, 5]"
CASE OF MAŽUKNA v. LITHUANIA,3,violation,4.4,False,2,10,"[4, 5, 5, 3, 4, 5, 5, 3, 5, 5]"
CASE OF HAARDE v. ICELAND,6,no_violation,3.6,True,1,10,"[4, 2, 2, 3, 5, 4, 1, 5, 5, 5]"
CASE OF TURAL HAJIBEYLI v. AZERBAIJAN,6,violation,1.0,True,0,10,"[1, 1, 1, 1, 1, 1, 1, 1, 1, 1]"
CASE OF THUO v. CYPRUS,3,violation,1.3,True,0,10,"[1, 1, 1, 1, 1, 4, 1, 1, 1, 1]"
CASE OF STRAND LOBBEN AND OTHERS v. NORWAY,8,no_violation,3.2,True,1,10,"[4, 1, 1, 5, 2, 3, 5, 5, 1, 5]"
CASE OF KUC v. SLOVAKIA,5,violation,1.4,True,0,10,"[1, 1, 1, 1, 1, 1, 1, 1, 1, 5]"
CASE OF TRAUSTASON AND OTHERS v. ICELAND,10,violation,1.0,True,0,10,"[1, 1, 1, 1, 1, 1, 1, 1, 1, 1]"
CASE OF BRENNAN v. IRELAND,6,no_violation,5.0,True,0,10,"[5, 5, 5, 5, 5, 5, 5, 5, 5, 5]"
CASE OF ĐUKOVIĆ v. MONTENEGRO,6,violation,1.0,True,0,10,"[1, 1, 1, 1, 1, 1, 1, 1, 1, 1]"
CASE OF X v. SWITZERLAND,3,violation,1.0,True,0,10,"[1, 1, 1, 1, 1, 1, 1, 1, 1, 1]"
CASE OF BRAGA v. THE REPUBLIC OF MOLDOVA AND RUSSIA,3,violation,1.0,True,0,10,"[1, 1, 1, 1, 1, 1, 1, 1, 1, 1]"
CASE OF OZOLS v. LATVIA,6,no_violation,4.9,True,0,10,"[5, 5, 5, 5, 4, 5, 5, 5, 5, 5]"
CASE OF KOLAR v. SLOVENIA,13,violation,1.0,True,0,10,"[1, 1, 1, 1, 1, 1, 1, 1, 1, 1]"
CASE OF AHMED v. THE UNITED KINGDOM,34,no_violation,4.3,True,0,10,"[5, 5, 1, 4, 5, 5, 5, 5, 4, 4]"
CASE OF EZGETA v. CROATIA,6,violation,1.0,True,0,10,"[1, 1, 1, 1, 1, 1, 1, 1, 1, 1]"
CASE OF BOUKROUROU AND OTHERS v. FRANCE,3,violation,4.0,False,0,10,"[2, 5, 5, 5, 4, 2, 5, 4, 4, 4]"
CASE OF M.O. v. SWITZERLAND,3,no_violation,5.0,True,0,10,"[5, 5, 5, 5, 5, 5, 5, 5, 5, 5]"
CASE OF SVORCAN v. MONTENEGRO,6,violation,1.0,True,0,10,"[1, 1, 1, 1, 1, 1, 1, 1, 1, 1]"
CASE OF BABAK HASANOV v. AZERBAIJAN,11,violation,1.0,True,0,10,"[1, 1, 1, 1, 1, 1, 1, 1, 1, 1]"
CASE OF STANDARD VERLAGSGESELLSCHAFT MBH v. AUSTRIA,10,no_violation,5.0,True,0,10,"[5, 5, 5, 5, 5, 5, 5, 5, 5, 5]"
CASE OF LEUSKA AND OTHERS v. ESTONIA,6,violation,1.1,True,0,10,"[1, 1, 1, 1, 1, 1, 1, 1, 2, 1]"
CASE OF KOPRIVNIKAR v. SLOVENIA,41,violation,1.0,True,0,10,"[1, 1, 1, 1, 1, 1, 1, 1, 1, 1]"
CASE OF VUČINIĆ v. MONTENEGRO,6,violation,1.0,True,0,10,"[1, 1, 1, 1, 1, 1, 1, 1, 1, 1]"
CASE OF ARNARSON v. ICELAND,10,no_violation,4.7,True,0,10,"[5, 5, 5, 5, 5, 5, 5, 5, 5, 2]"
CASE OF CELA AND OTHERS v. GREECE,3,violation,1.0,True,0,10,"[1, 1, 1, 1, 1, 1, 1, 1, 1, 1]"
CASE OF GOLDNAGL v. AUSTRIA,6,violation,1.0,True,0,10,"[1, 1, 1, 1, 1, 1, 1, 1, 1, 1]"
CASE OF M v. THE NETHERLANDS,6,no_violation,1.0,False,0,10,"[1, 1, 1, 1, 1, 1, 1, 1, 1, 1]"
CASE OF KRUNOSLAVA ZOVKO v. CROATIA,6,no_violation,1.0,False,0,10,"[1, 1, 1, 1, 1, 1, 1, 1, 1, 1]"
CASE OF KOVIĆ AND OTHERS v. SERBIA,6,violation,1.0,True,0,10,"[1, 1, 1, 1, 1, 1, 1, 1, 1, 1]"
CASE OF VARDANEAN v. THE REPUBLIC OF MOLDOVA AND RUSSIA,34,no_violation,1.0,False,0,10,"[1, 1, 1, 1, 1, 1, 1, 1, 1, 1]"
CASE OF FORTUNSKIY v. UKRAINE,34,no_violation,3.1,True,1,10,"[1, 2, 3, 1, 4, 5, 5, 2, 4, 4]"
"CASE OF PETROVIĆ v. ""THE FORMER YUGOSLAV REPUBLIC OF MACEDONIA""",6,violation,1.0,True,0,10,"[1, 1, 1, 1, 1, 1, 1, 1, 1, 1]"
"CASE OF TOLESKI v. ""THE FORMER YUGOSLAV REPUBLIC OF MACEDONIA""",P1-1,no_violation,4.2,True,0,10,"[4, 2, 5, 5, 5, 1, 5, 5, 5, 5]"
CASE OF ALBERTINA CARVALHO E FILHOS LDA v. PORTUGAL,13,violation,1.0,True,0,10,"[1, 1, 1, 1, 1, 1, 1, 1, 1, 1]"
CASE OF MAGÁT v. SLOVAKIA,6,violation,1.0,True,0,10,"[1, 1, 1, 1, 1, 1, 1, 1, 1, 1]"
CASE OF POROWSKI v. POLAND,8,violation,1.1,True,0,10,"[1, 1, 1, 1, 1, 1, 1, 1, 2, 1]"
CASE OF VILENCHIK v. UKRAINE,8,no_violation,4.9,True,0,10,"[5, 5, 5, 5, 5, 5, 5, 5, 5, 4]"
CASE OF ANTOVIĆ AND MIRKOVIĆ v. MONTENEGRO,8,violation,1.0,True,0,10,"[1, 1, 1, 1, 1, 1, 1, 1, 1, 1]"
CASE OF MOREIRA FERREIRA v. PORTUGAL (No. 2),6,no_violation,4.5,True,0,10,"[5, 5, 4, 5, 4, 5, 5, 2, 5, 5]"
CASE OF KEMAL COŞKUN v. TURKEY,6,violation,1.0,True,0,10,"[1, 1, 1, 1, 1, 1, 1, 1, 1, 1]"
CASE OF ZDJELAR AND OTHERS v. CROATIA,2,no_violation,4.8,True,0,10,"[4, 5, 5, 5, 5, 5, 5, 4, 5, 5]"
CASE OF MIVES DOO v. SERBIA,P1-1,violation,1.0,True,0,10,"[1, 1, 1, 1, 1, 1, 1, 1, 1, 1]"
CASE OF ILIAS AND AHMED v. HUNGARY,13,violation,1.0,True,0,10,"[1, 1, 1, 1, 1, 1, 1, 1, 1, 1]"
CASE OF BAYRAMLI v. AZERBAIJAN,6,violation,1.0,True,0,10,"[1, 1, 1, 1, 1, 1, 1, 1, 1, 1]"
CASE OF ALKOVIĆ v. MONTENEGRO,14,violation,1.0,True,0,10,"[1, 1, 1, 1, 1, 1, 1, 1, 1, 1]"
CASE OF VAN WESENBEECK v. BELGIUM,6,no_violation,4.8,True,1,10,"[5, 5, 5, 5, 5, 5, 5, 5, 5, 3]"
"CASE OF CENTRE FOR THE DEVELOPMENT OF ANALYTICAL PSYCHOLOGY v. ""THE FORMER YUGOSLAV REPUBLIC OF MACEDONIA""",6,violation,1.0,True,0,10,"[1, 1, 1, 1, 1, 1, 1, 1, 1, 1]"
CASE OF ASATRYAN v. ARMENIA,6,violation,1.0,True,0,10,"[1, 1, 1, 1, 1, 1, 1, 1, 1, 1]"
CASE OF GÜZELYURTLU AND OTHERS v. CYPRUS AND TURKEY,2,violation,1.0,True,0,10,"[1, 1, 1, 1, 1, 1, 1, 1, 1, 1]"
CASE OF SALIJA v. SWITZERLAND,8,no_violation,5.0,True,0,10,"[5, 5, 5, 5, 5, 5, 5, 5, 5, 5]"
CASE OF NIKOLIĆ AND OTHERS v. SERBIA,P1-1,violation,1.0,True,0,10,"[1, 1, 1, 1, 1, 1, 1, 1, 1, 1]"
CASE OF ĻUTOVA v. LATVIA,6,violation,1.0,True,0,10,"[1, 1, 1, 1, 1, 1, 1, 1, 1, 1]"
CASE OF JÓHANNESSON AND OTHERS v. ICELAND,P7-4,violation,1.0,True,0,10,"[1, 1, 1, 1, 1, 1, 1, 1, 1, 1]"
CASE OF EROL v. GERMANY,5,no_violation,4.7,True,0,10,"[5, 5, 5, 2, 5, 5, 5, 5, 5, 5]"
CASE OF TALPIS v. ITALY,3,violation,1.0,True,0,10,"[1, 1, 1, 1, 1, 1, 1, 1, 1, 1]"
CASE OF PODESCHI v. SAN MARINO,3,no_violation,1.2,False,1,10,"[1, 1, 1, 1, 1, 1, 3, 1, 1, 1]"
CASE OF PODESCHI v. SAN MARINO,5,no_violation,1.5,False,0,10,"[2, 2, 1, 2, 1, 2, 1, 1, 1, 2]"
CASE OF KRASNIQI v. AUSTRIA,8,no_violation,4.3,True,0,10,"[4, 4, 4, 4, 4, 5, 5, 4, 4, 5]"
CASE OF INDEPENDENT NEWSPAPERS (IRELAND) LIMITED v. IRELAND,10,violation,1.0,True,0,10,"[1, 1, 1, 1, 1, 1, 1, 1, 1, 1]"
CASE OF SATAKUNNAN MARKKINAPÖRSSI OY AND SATAMEDIA OY v. FINLAND,10,no_violation,4.6,True,1,10,"[5, 5, 5, 5, 5, 5, 4, 5, 4, 3]"
CASE OF BECKER v. NORWAY,10,violation,1.0,True,0,10,"[1, 1, 1, 1, 1, 1, 1, 1, 1, 1]"
CASE OF M.L. v. NORWAY,8,no_violation,5.0,True,0,10,"[5, 5, 5, 5, 5, 5, 5, 5, 5, 5]"
CASE OF STAMOVA v. BULGARIA,P1-1,violation,1.0,True,0,10,"[1, 1, 1, 1, 1, 1, 1, 1, 1, 1]"
CASE OF SOMMER v. GERMANY,8,violation,1.0,True,0,10,"[1, 1, 1, 1, 1, 1, 1, 1, 1, 1]"
CASE OF TSARTSIDZE AND OTHERS v. GEORGIA,9,violation,1.0,True,0,10,"[1, 1, 1, 1, 1, 1, 1, 1, 1, 1]"
CASE OF TSYOGE FON MANTEYFEL v. UKRAINE,34,no_violation,3.8,True,0,10,"[5, 5, 5, 5, 5, 1, 1, 5, 5, 1]"
CASE OF MELANDRI v. SAN MARINO,P1-1,no_violation,4.6,True,2,10,"[5, 5, 5, 5, 5, 3, 5, 5, 5, 3]"
CASE OF L.B. v. SLOVAKIA,8,violation,1.0,True,0,10,"[1, 1, 1, 1, 1, 1, 1, 1, 1, 1]"
CASE OF A.I. AND OTHERS v. GREECE,3,violation,1.4,True,1,10,"[1, 1, 1, 3, 1, 1, 1, 2, 2, 1]"
CASE OF SACHARUK v. LITHUANIA,6,violation,1.0,True,0,10,"[1, 1, 1, 1, 1, 1, 1, 1, 1, 1]"
CASE OF KASIM ÖZDEMİR AND MEHMET ÖZDEMİR v. TÜRKİYE,3,no_violation,5.0,True,0,10,"[5, 5, 5, 5, 5, 5, 5, 5, 5, 5]"
CASE OF VLAHOVIĆ v. MONTENEGRO,P1-1,violation,1.0,True,0,10,"[1, 1, 1, 1, 1, 1, 1, 1, 1, 1]"
CASE OF VEREIN KLIMASENIORINNEN SCHWEIZ AND OTHERS v. SWITZERLAND,6,violation,1.0,True,0,10,"[1, 1, 1, 1, 1, 1, 1, 1, 1, 1]"
CASE OF WA BAILE v. SWITZERLAND,14,violation,1.0,True,0,10,"[1, 1, 1, 1, 1, 1, 1, 1, 1, 1]"
CASE OF H.T. v. GERMANY AND GREECE,3,violation,1.0,True,0,10,"[1, 1, 1, 1, 1, 1, 1, 1, 1, 1]"
CASE OF VOTTA RONZA v. ITALY,P1-1,violation,1.0,True,0,10,"[1, 1, 1, 1, 1, 1, 1, 1, 1, 1]"
CASE OF ZDJELAR v. CROATIA,6,violation,1.6,True,0,10,"[1, 1, 1, 1, 2, 2, 5, 1, 1, 1]"
CASE OF T.V. v. CROATIA,2,violation,1.0,True,0,10,"[1, 1, 1, 1, 1, 1, 1, 1, 1, 1]"
CASE OF TRETYAKOV AND OTHERS v. RUSSIA,5,violation,1.0,True,0,10,"[1, 1, 1, 1, 1, 1, 1, 1, 1, 1]"
CASE OF LYPOVCHENKO AND HALABUDENCO v. THE REPUBLIC OF MOLDOVA AND RUSSIA,34,no_violation,3.8,True,0,10,"[5, 5, 5, 5, 1, 5, 1, 1, 5, 5]"
CASE OF A.D. AND OTHERS v. SWEDEN,3,no_violation,4.9,True,0,10,"[5, 5, 5, 5, 5, 5, 5, 4, 5, 5]"
CASE OF COSOVAN v. THE REPUBLIC OF MOLDOVA (No. 2),6,no_violation,4.6,True,0,10,"[5, 5, 5, 5, 1, 5, 5, 5, 5, 5]"
CASE OF PASQUINELLI AND OTHERS v. SAN MARINO,8,no_violation,4.9,True,0,10,"[5, 5, 5, 5, 4, 5, 5, 5, 5, 5]"
CASE OF A.P. v. ARMENIA,3,violation,1.0,True,0,10,"[1, 1, 1, 1, 1, 1, 1, 1, 1, 1]"
CASE OF SHYLINA v. UKRAINE,P1-1,no_violation,5.0,True,0,10,"[5, 5, 5, 5, 5, 5, 5, 5, 5, 5]"
CASE OF H.T. v. GERMANY AND GREECE,5,no_violation,1.8,False,0,10,"[2, 5, 1, 2, 2, 1, 2, 1, 1, 1]"
CASE OF DOMENJOUD v. FRANCE,P4-2,no_violation,1.1,False,0,10,"[1, 1, 1, 2, 1, 1, 1, 1, 1, 1]"
CASE OF JELLA AND OTHERS v. ALBANIA,P1-1,violation,1.0,True,0,10,"[1, 1, 1, 1, 1, 1, 1, 1, 1, 1]"
CASE OF BERNOTAS v. LITHUANIA,P1-1,no_violation,5.0,True,0,10,"[5, 5, 5, 5, 5, 5, 5, 5, 5, 5]"
CASE OF WINTHER v. DENMARK,8,no_violation,4.7,True,0,10,"[5, 4, 4, 5, 5, 5, 5, 4, 5, 5]"
"CASE OF RYBÁŘSTVÍ TŘEBOŇ A.S. AND RYBÁŘSTVÍ TŘEBOŇ HLD. A.S. v. THE CZECH REPUBLIC

v. THE CZECH REPUBLIC
",P1-1,no_violation,5.0,True,0,10,"[5, 5, 5, 5, 5, 5, 5, 5, 5, 5]"
CASE OF SZUSTAK AND OTHERS v. POLAND,13,violation,1.0,True,0,10,"[1, 1, 1, 1, 1, 1, 1, 1, 1, 1]"
CASE OF THE J. PAUL GETTY TRUST AND OTHERS v. ITALY,P1-1,no_violation,4.4,True,0,10,"[5, 5, 5, 4, 4, 5, 2, 5, 5, 4]"
CASE OF CARRETO RIBEIRO v. PORTUGAL,6,violation,1.0,True,0,10,"[1, 1, 1, 1, 1, 1, 1, 1, 1, 1]"
CASE OF SPAHIU AND OTHERS v. ALBANIA,6,violation,1.0,True,0,10,"[1, 1, 1, 1, 1, 1, 1, 1, 1, 1]"
CASE OF MUKHTARLI v. AZERBAIJAN AND GEORGIA,5,no_violation,1.8,False,0,10,"[1, 1, 1, 1, 1, 5, 1, 1, 1, 5]"
CASE OF TAGANOVA AND OTHERS v. GEORGIA AND RUSSIA,P1-1,violation,1.0,True,0,10,"[1, 1, 1, 1, 1, 1, 1, 1, 1, 1]"
CASE OF ZAVRIDOU v. CYPRUS,8,violation,1.0,True,0,10,"[1, 1, 1, 1, 1, 1, 1, 1, 1, 1]"
CASE OF BAKRADZE v. GEORGIA,14,violation,1.0,True,0,10,"[1, 1, 1, 1, 1, 1, 1, 1, 1, 1]"
CASE OF MIRZOYAN v. THE CZECH REPUBLIC,8,no_violation,4.1,True,0,10,"[5, 5, 2, 1, 4, 5, 5, 5, 4, 5]"
CASE OF LYPOVCHENKO AND HALABUDENCO v. THE REPUBLIC OF MOLDOVA AND RUSSIA,P1-1,violation,1.0,True,0,10,"[1, 1, 1, 1, 1, 1, 1, 1, 1, 1]"
CASE OF OGHLISHVILI v. GEORGIA,2,violation,1.0,True,0,10,"[1, 1, 1, 1, 1, 1, 1, 1, 1, 1]"
CASE OF DIAS DOS SANTOS FERREIRA DA COSTA CABRAL v. PORTUGAL,10,violation,1.1,True,0,10,"[1, 1, 2, 1, 1, 1, 1, 1, 1, 1]"
CASE OF TSYOGE FON MANTEYFEL v. UKRAINE,38,no_violation,4.0,True,1,10,"[2, 5, 5, 5, 5, 4, 1, 5, 5, 3]"
CASE OF TAGANOVA AND OTHERS v. GEORGIA AND RUSSIA,6,no_violation,1.0,False,0,10,"[1, 1, 1, 1, 1, 1, 1, 1, 1, 1]"
CASE OF DIMOVIĆ AND OTHERS v. SERBIA,6,violation,1.0,True,0,10,"[1, 1, 1, 1, 1, 1, 1, 1, 1, 1]"
CASE OF SAAKASHVILI v. GEORGIA,6,no_violation,4.7,True,0,10,"[5, 5, 5, 5, 2, 5, 5, 5, 5, 5]"
CASE OF B.A. v. CYPRUS,5,violation,1.0,True,0,10,"[1, 1, 1, 1, 1, 1, 1, 1, 1, 1]"
CASE OF MUKHTARLI v. AZERBAIJAN AND GEORGIA,8,violation,1.0,True,0,10,"[1, 1, 1, 1, 1, 1, 1, 1, 1, 1]"
CASE OF BIELAU v. AUSTRIA,10,no_violation,5.0,True,0,10,"[5, 5, 5, 5, 5, 5, 5, 5, 5, 5]"
CASE OF EXECUTIEF VAN DE MOSLIMS VAN BELGIË AND OTHERS v. BELGIUM,9,no_violation,5.0,True,0,10,"[5, 5, 5, 5, 5, 5, 5, 5, 5, 5]"
CASE OF S.F. v. FINLAND,8,no_violation,5.0,True,0,10,"[5, 5, 5, 5, 5, 5, 5, 5, 5, 5]"
CASE OF M.B. v. THE NETHERLANDS,5,violation,1.0,True,0,10,"[1, 1, 1, 1, 1, 1, 1, 1, 1, 1]"
CASE OF KOWALIK v. POLAND,6,violation,1.0,True,0,10,"[1, 1, 1, 1, 1, 1, 1, 1, 1, 1]"
CASE OF GIANNAKOPOULOS v. GREECE,8,no_violation,4.5,True,1,10,"[4, 5, 4, 3, 5, 5, 5, 5, 4, 5]"
CASE OF PASQUARIELLO v. ITALY,6,violation,1.0,True,0,10,"[1, 1, 1, 1, 1, 1, 1, 1, 1, 1]"
CASE OF LEVANOV AND OTHERS v. RUSSIA,6,violation,3.5,False,0,10,"[1, 5, 1, 2, 1, 5, 5, 5, 5, 5]"
CASE OF GUÐMUNDUR GUNNARSSON AND MAGNÚS DAVÍÐ NORÐDAHL v. ICELAND,P1-3,violation,1.0,True,0,10,"[1, 1, 1, 1, 1, 1, 1, 1, 1, 1]"
CASE OF MAĻINOVSKIS v. LATVIA,3,violation,1.2,True,1,10,"[1, 1, 3, 1, 1, 1, 1, 1, 1, 1]"
CASE OF TSAAVA AND OTHERS v. GEORGIA,3,violation,1.0,True,0,10,"[1, 1, 1, 1, 1, 1, 1, 1, 1, 1]"
CASE OF AL-HABEEB v. DENMARK,8,no_violation,5.0,True,0,10,"[5, 5, 5, 5, 5, 5, 5, 5, 5, 5]"
CASE OF KOWALSKI v. POLAND,6,violation,1.0,True,0,10,"[1, 1, 1, 1, 1, 1, 1, 1, 1, 1]"
CASE OF SOUROULLAS KAY AND ZANNETTOS v. CYPRUS,6,no_violation,4.9,True,0,10,"[5, 5, 5, 5, 5, 5, 5, 5, 4, 5]"
CASE OF W.R. v. THE NETHERLANDS,6,no_violation,2.3,False,0,10,"[1, 2, 1, 4, 1, 1, 1, 2, 5, 5]"
CASE OF RIZZO STRIANO v. ITALY,6,violation,1.0,True,0,10,"[1, 1, 1, 1, 1, 1, 1, 1, 1, 1]"
CASE OF RIZZO AND OTHERS v. MALTA,P1-1,violation,1.0,True,0,10,"[1, 1, 1, 1, 1, 1, 1, 1, 1, 1]"
CASE OF DAUGAARD SORENSEN v. DENMARK,3,violation,1.0,True,0,10,"[1, 1, 1, 1, 1, 1, 1, 1, 1, 1]"
CASE OF ZAHARIEV v. NORTH MACEDONIA,6,violation,1.1,True,0,10,"[1, 1, 1, 1, 1, 1, 2, 1, 1, 1]"
CASE OF AGAYEV & ZULFUGARZADEH COMPANY v. AZERBAIJAN,6,violation,1.3,True,0,10,"[1, 1, 1, 1, 1, 1, 1, 1, 1, 4]"
CASE OF J.B. AND OTHERS v. MALTA,3,violation,1.0,True,0,10,"[1, 1, 1, 1, 1, 1, 1, 1, 1, 1]"
CASE OF MAÇI v. ALBANIA,6,violation,1.0,True,0,10,"[1, 1, 1, 1, 1, 1, 1, 1, 1, 1]"
CASE OF MAISAIA v. GEORGIA,3,violation,1.0,True,0,10,"[1, 1, 1, 1, 1, 1, 1, 1, 1, 1]"
CASE OF LIVANČIĆ AND OTHERS v. BOSNIA AND HERZEGOVINA,6,violation,1.0,True,0,10,"[1, 1, 1, 1, 1, 1, 1, 1, 1, 1]"
CASE OF KORNILOVA v. UKRAINE,3,no_violation,4.9,True,0,10,"[5, 5, 4, 5, 5, 5, 5, 5, 5, 5]"
CASE OF RELIGIOUS COMMUNITY OF JEHOVAH'S WITNESSES AND HANSEN v. AZERBAIJAN,6,violation,1.0,True,0,10,"[1, 1, 1, 1, 1, 1, 1, 1, 1, 1]"
CASE OF ALEKSANDROV v. UKRAINE,34,violation,1.0,True,0,10,"[1, 1, 1, 1, 1, 1, 1, 1, 1, 1]"
CASE OF STARISHKO v. UKRAINE,3,violation,1.0,True,0,10,"[1, 1, 1, 1, 1, 1, 1, 1, 1, 1]"
CASE OF KEANEY v. IRELAND,13,violation,1.0,True,0,10,"[1, 1, 1, 1, 1, 1, 1, 1, 1, 1]"
CASE OF TRETIAK v. UKRAINE,3,violation,1.5,True,0,10,"[2, 2, 2, 1, 2, 1, 1, 1, 1, 2]"
CASE OF AGGERHOLM v. DENMARK,3,violation,1.0,True,0,10,"[1, 1, 1, 1, 1, 1, 1, 1, 1, 1]"
CASE OF GLAVINIĆ AND MARKOVIĆ v. CROATIA,13,violation,1.0,True,0,10,"[1, 1, 1, 1, 1, 1, 1, 1, 1, 1]"
CASE OF BERKMAN v. RUSSIA,11,violation,1.0,True,0,10,"[1, 1, 1, 1, 1, 1, 1, 1, 1, 1]"
CASE OF PARINOV v. UKRAINE,6,violation,1.0,True,0,10,"[1, 1, 1, 1, 1, 1, 1, 1, 1, 1]"
CASE OF ALBUL AND OTHERS v. UKRAINE,6,violation,1.0,True,0,10,"[1, 1, 1, 1, 1, 1, 1, 1, 1, 1]"
CASE OF M.S. v. SLOVAKIA AND UKRAINE,5,violation,1.1,True,0,10,"[1, 2, 1, 1, 1, 1, 1, 1, 1, 1]"
CASE OF LEVCHUK v. UKRAINE,8,violation,1.0,True,0,10,"[1, 1, 1, 1, 1, 1, 1, 1, 1, 1]"
CASE OF YUKHYMOVYCH v. UKRAINE,2,violation,1.0,True,0,10,"[1, 1, 1, 1, 1, 1, 1, 1, 1, 1]"
CASE OF WALCZAK v. POLAND,8,violation,1.6,True,0,10,"[1, 1, 4, 2, 1, 2, 1, 2, 1, 1]"
CASE OF MUGEMANGANGO v. BELGIUM,13,violation,1.0,True,0,10,"[1, 1, 1, 1, 1, 1, 1, 1, 1, 1]"
CASE OF PROJECT-TRADE D.O.O. v. CROATIA,6,violation,1.0,True,0,10,"[1, 1, 1, 1, 1, 1, 1, 1, 1, 1]"
CASE OF STAVROPOULOS AND OTHERS v. GREECE,9,violation,1.0,True,0,10,"[1, 1, 1, 1, 1, 1, 1, 1, 1, 1]"
CASE OF KLOPCOVS v. LATVIA,6,violation,1.1,True,0,10,"[1, 2, 1, 1, 1, 1, 1, 1, 1, 1]"
CASE OF MIRGADIROV v. AZERBAIJAN AND TURKEY,18,no_violation,4.2,True,0,10,"[5, 1, 1, 5, 5, 5, 5, 5, 5, 5]"
CASE OF ŁABUDEK v. POLAND,5,violation,1.3,True,1,10,"[1, 1, 3, 1, 1, 1, 1, 1, 1, 2]"
CASE OF SIGRÍÐUR ELÍN SIGFÚSDÓTTIR v. ICELAND,6,violation,1.0,True,0,10,"[1, 1, 1, 1, 1, 1, 1, 1, 1, 1]"
CASE OF SHEBALDINA v. UKRAINE,P1-1,violation,1.0,True,0,10,"[1, 1, 1, 1, 1, 1, 1, 1, 1, 1]"
CASE OF BAZ v. UKRAINE,5,violation,1.0,True,0,10,"[1, 1, 1, 1, 1, 1, 1, 1, 1, 1]"
CASE OF SMBAT AYVAZYAN v. ARMENIA,6,violation,1.0,True,0,10,"[1, 1, 1, 1, 1, 1, 1, 1, 1, 1]"
CASE OF M.A. AND OTHERS v. BULGARIA,2,violation,1.0,True,0,10,"[1, 1, 1, 1, 1, 1, 1, 1, 1, 1]"
CASE OF MIRGADIROV v. AZERBAIJAN AND TURKEY,5,violation,1.0,True,0,10,"[1, 1, 1, 1, 1, 1, 1, 1, 1, 1]"
CASE OF KEANEY v. IRELAND,6,violation,1.8,True,0,10,"[1, 5, 1, 1, 1, 1, 1, 5, 1, 1]"
CASE OF IVASHCHENKO v. UKRAINE,3,violation,1.0,True,0,10,"[1, 1, 1, 1, 1, 1, 1, 1, 1, 1]"
CASE OF PASQUINI v. SAN MARINO (No. 2),6,violation,1.0,True,0,10,"[1, 1, 1, 1, 1, 1, 1, 1, 1, 1]"
CASE OF PILETIĆ v. MONTENEGRO,6,violation,1.0,True,0,10,"[1, 1, 1, 1, 1, 1, 1, 1, 1, 1]"
CASE OF D. v. THE REPUBLIC OF MOLDOVA,3,violation,1.0,True,0,10,"[1, 1, 1, 1, 1, 1, 1, 1, 1, 1]"
CASE OF MIRGADIROV v. AZERBAIJAN AND TURKEY,8,violation,1.0,True,0,10,"[1, 1, 1, 1, 1, 1, 1, 1, 1, 1]"
CASE OF STAFEYEV v. RUSSIA,6,violation,1.0,True,0,10,"[1, 1, 1, 1, 1, 1, 1, 1, 1, 1]"
CASE OF TALALIKHINA v. UKRAINE,5,violation,1.0,True,0,10,"[1, 1, 1, 1, 1, 1, 1, 1, 1, 1]"
CASE OF YELNIK v. UKRAINE,5,violation,1.0,True,0,10,"[1, 1, 1, 1, 1, 1, 1, 1, 1, 1]"
CASE OF CHERNOV v. UKRAINE,P7-4,violation,1.0,True,0,10,"[1, 1, 1, 1, 1, 1, 1, 1, 1, 1]"
CASE OF LOPATA AND OTHERS v. UKRAINE,3,violation,1.0,True,0,10,"[1, 1, 1, 1, 1, 1, 1, 1, 1, 1]"
CASE OF FILOZOFENKO v. UKRAINE,P1-1,violation,2.5,True,0,10,"[1, 4, 4, 1, 2, 1, 5, 1, 4, 2]"
CASE OF MAKUCHYAN AND MINASYAN v. AZERBAIJAN AND HUNGARY,2,no_violation,1.0,False,0,10,"[1, 1, 1, 1, 1, 1, 1, 1, 1, 1]"
CASE OF DYKUSARENKO v. UKRAINE,5,violation,1.0,True,0,10,"[1, 1, 1, 1, 1, 1, 1, 1, 1, 1]"
CASE OF M.S. v. SLOVAKIA AND UKRAINE,34,no_violation,5.0,True,0,10,"[5, 5, 5, 5, 5, 5, 5, 5, 5, 5]"
CASE OF ROMANOV v. UKRAINE,13,violation,1.1,True,0,10,"[1, 1, 1, 1, 1, 1, 1, 1, 2, 1]"
CASE OF AVTO ATOM DOO KOCHANI v. NORTH MACEDONIA,P1-1,violation,1.0,True,0,10,"[1, 1, 1, 1, 1, 1, 1, 1, 1, 1]"
CASE OF MIRGADIROV v. AZERBAIJAN AND TURKEY,6,violation,1.0,True,0,10,"[1, 1, 1, 1, 1, 1, 1, 1, 1, 1]"
CASE OF N.H. AND OTHERS v. FRANCE,3,violation,1.4,True,0,10,"[1, 1, 1, 5, 1, 1, 1, 1, 1, 1]"
CASE OF DMYTRENKO AND BEZDOROZHNIY v. UKRAINE,P1-1,violation,1.0,True,0,10,"[1, 1, 1, 1, 1, 1, 1, 1, 1, 1]"
CASE OF MUGEMANGANGO v. BELGIUM,P1-3,violation,1.0,True,0,10,"[1, 1, 1, 1, 1, 1, 1, 1, 1, 1]"
CASE OF MINYAYLO AND OTHERS v. UKRAINE,3,violation,1.0,True,0,10,"[1, 1, 1, 1, 1, 1, 1, 1, 1, 1]"
CASE OF MAKUCHYAN AND MINASYAN v. AZERBAIJAN AND HUNGARY,38,no_violation,4.4,True,1,10,"[1, 5, 5, 5, 5, 5, 5, 3, 5, 5]"
CASE OF POTOROC v. ROMANIA,3,violation,1.0,True,0,10,"[1, 1, 1, 1, 1, 1, 1, 1, 1, 1]"
CASE OF BİLAL AKYILDIZ v. TURKEY,5,no_violation,4.2,True,0,10,"[5, 5, 5, 5, 5, 1, 1, 5, 5, 5]"
CASE OF ARKANIA v. GEORGIA,3,violation,1.0,True,0,10,"[1, 1, 1, 1, 1, 1, 1, 1, 1, 1]"
CASE OF ČIVINSKAITĖ v. LITHUANIA,6,no_violation,4.6,True,0,10,"[5, 5, 5, 5, 5, 2, 4, 5, 5, 5]"
CASE OF CHERNIKA v. UKRAINE,41,violation,1.0,True,0,10,"[1, 1, 1, 1, 1, 1, 1, 1, 1, 1]"
CASE OF HAZIYEV AND OTHERS v. AZERBAIJAN,3,violation,1.0,True,0,10,"[1, 1, 1, 1, 1, 1, 1, 1, 1, 1]"
CASE OF SUUR v. ESTONIA,8,no_violation,4.8,True,0,10,"[5, 5, 5, 4, 4, 5, 5, 5, 5, 5]"
CASE OF MAKHMUDOVA v. RUSSIA,8,violation,1.0,True,0,10,"[1, 1, 1, 1, 1, 1, 1, 1, 1, 1]"
CASE OF KARESVAARA AND NJIE v. SPAIN,6,violation,1.0,True,0,10,"[1, 1, 1, 1, 1, 1, 1, 1, 1, 1]"
CASE OF TAMRAZYAN v. ARMENIA,P1-1,violation,2.0,True,2,10,"[1, 1, 3, 5, 2, 1, 3, 2, 1, 1]"
CASE OF SARGSYAN AND OTHERS v. UKRAINE,3,violation,1.0,True,0,10,"[1, 1, 1, 1, 1, 1, 1, 1, 1, 1]"
CASE OF BEZZINA WETTINGER AND OTHERS v. MALTA,P1-1,violation,1.0,True,0,10,"[1, 1, 1, 1, 1, 1, 1, 1, 1, 1]"
CASE OF NICOLAOU v. CYPRUS,2,violation,1.0,True,0,10,"[1, 1, 1, 1, 1, 1, 1, 1, 1, 1]"
CASE OF RASIŃSKI v. POLAND,3,violation,1.4,True,0,10,"[1, 1, 1, 1, 5, 1, 1, 1, 1, 1]"
CASE OF MAKUCHYAN AND MINASYAN v. AZERBAIJAN AND HUNGARY,14,violation,1.0,True,0,10,"[1, 1, 1, 1, 1, 1, 1, 1, 1, 1]"
CASE OF CHERNYAVSKIY v. UKRAINE,3,violation,1.0,True,0,10,"[1, 1, 1, 1, 1, 1, 1, 1, 1, 1]"
CASE OF TASEV v. NORTH MACEDONIA,8,violation,1.0,True,0,10,"[1, 1, 1, 1, 1, 1, 1, 1, 1, 1]"
CASE OF ŠARANOVIĆ v. MONTENEGRO,5,violation,1.0,True,0,10,"[1, 1, 1, 1, 1, 1, 1, 1, 1, 1]"
CASE OF BURLAKOV AND LYSENKO v. UKRAINE,34,no_violation,2.9,False,5,10,"[4, 3, 2, 3, 3, 1, 2, 3, 5, 3]"
CASE OF DOBROVITSKAYA AND OTHERS v. THE REPUBLIC OF MOLDOVA AND RUSSIA,6,no_violation,1.3,False,0,10,"[1, 1, 4, 1, 1, 1, 1, 1, 1, 1]"
CASE OF PANTELEICIUC v. THE REPUBLIC OF MOLDOVA AND RUSSIA,6,no_violation,1.0,False,0,10,"[1, 1, 1, 1, 1, 1, 1, 1, 1, 1]"
CASE OF NIKOLYAN v. ARMENIA,6,violation,1.0,True,0,10,"[1, 1, 1, 1, 1, 1, 1, 1, 1, 1]"
CASE OF SOBCO AND GHENT v. THE REPUBLIC OF MOLDOVA AND RUSSIA,6,no_violation,1.0,False,0,10,"[1, 1, 1, 1, 1, 1, 1, 1, 1, 1]"
CASE OF BERARDI AND MULARONI v. SAN MARINO,7,no_violation,5.0,True,0,10,"[5, 5, 5, 5, 5, 5, 5, 5, 5, 5]"
CASE OF BRADARIĆ v. BOSNIA AND HERZEGOVINA,6,violation,1.0,True,0,10,"[1, 1, 1, 1, 1, 1, 1, 1, 1, 1]"
CASE OF ODDONE AND PECCI v. SAN MARINO,6,violation,1.0,True,0,10,"[1, 1, 1, 1, 1, 1, 1, 1, 1, 1]"
CASE OF KÁLOVICS v. HUNGARY,13,violation,1.0,True,0,10,"[1, 1, 1, 1, 1, 1, 1, 1, 1, 1]"
CASE OF SVITLANA ILCHENKO v. UKRAINE,P1-1,violation,1.0,True,0,10,"[1, 1, 1, 1, 1, 1, 1, 1, 1, 1]"
CASE OF STRAND LOBBEN AND OTHERS v. NORWAY,41,violation,1.0,True,0,10,"[1, 1, 1, 1, 1, 1, 1, 1, 1, 1]"
CASE OF RYABININ AND SHATALINA v. UKRAINE,34,no_violation,3.2,True,2,10,"[3, 5, 2, 2, 2, 3, 5, 5, 4, 1]"
CASE OF O'LEARY v. IRELAND,13,violation,1.0,True,0,10,"[1, 1, 1, 1, 1, 1, 1, 1, 1, 1]"
CASE OF CARPOV v. THE REPUBLIC OF MOLDOVA,6,violation,1.0,True,0,10,"[1, 1, 1, 1, 1, 1, 1, 1, 1, 1]"
CASE OF DELI v. THE REPUBLIC OF MOLDOVA,6,violation,1.0,True,0,10,"[1, 1, 1, 1, 1, 1, 1, 1, 1, 1]"
CASE OF ABDI IBRAHIM v. NORWAY,8,violation,1.0,True,0,10,"[1, 1, 1, 1, 1, 1, 1, 1, 1, 1]"
CASE OF BALSAMO v. SAN MARINO,P1-1,no_violation,2.8,False,1,10,"[1, 5, 2, 3, 4, 1, 4, 1, 2, 5]"
CASE OF DURANSPAHIĆ AND OTHERS v. BOSNIA AND HERZEGOVINA,P1-1,violation,1.0,True,0,10,"[1, 1, 1, 1, 1, 1, 1, 1, 1, 1]"
CASE OF BIGOVIĆ v. MONTENEGRO,3,violation,1.0,True,0,10,"[1, 1, 1, 1, 1, 1, 1, 1, 1, 1]"
CASE OF PIKHUN v. UKRAINE,3,violation,1.0,True,0,10,"[1, 1, 1, 1, 1, 1, 1, 1, 1, 1]"
CASE OF IFANDIEV v. BULGARIA,10,violation,1.0,True,0,10,"[1, 1, 1, 1, 1, 1, 1, 1, 1, 1]"
CASE OF M.T. v. UKRAINE,8,violation,1.1,True,0,10,"[1, 1, 1, 1, 1, 1, 2, 1, 1, 1]"
CASE OF LIBLIK AND OTHERS v. ESTONIA,6,no_violation,4.7,True,0,10,"[5, 5, 5, 5, 5, 5, 5, 2, 5, 5]"
CASE OF FIL LLC v. ARMENIA,6,violation,1.0,True,0,10,"[1, 1, 1, 1, 1, 1, 1, 1, 1, 1]"
CASE OF MASHINYAN AND RAMAZYAN v. ARMENIA,P1-1,violation,1.0,True,0,10,"[1, 1, 1, 1, 1, 1, 1, 1, 1, 1]"
CASE OF KOŽUL AND OTHERS v. BOSNIA AND HERZEGOVINA,6,violation,1.0,True,0,10,"[1, 1, 1, 1, 1, 1, 1, 1, 1, 1]"
CASE OF DENIS AND IRVINE v. BELGIUM,5,no_violation,2.9,False,1,10,"[1, 3, 4, 1, 4, 4, 2, 5, 4, 1]"
CASE OF SAVRAN v. DENMARK,41,violation,1.9,True,0,10,"[1, 1, 1, 5, 1, 1, 2, 5, 1, 1]"
CASE OF PASQUINI v. SAN MARINO,6,no_violation,1.7,False,0,10,"[1, 2, 1, 1, 1, 4, 1, 2, 2, 2]"
CASE OF GARUMOV v. UKRAINE,3,violation,1.0,True,0,10,"[1, 1, 1, 1, 1, 1, 1, 1, 1, 1]"
CASE OF MEDYANIKOV v. UKRAINE,34,no_violation,1.4,False,0,10,"[1, 1, 1, 1, 1, 2, 1, 1, 1, 4]"
CASE OF PETROV AND KOROSTYLYOV v. UKRAINE,3,violation,1.0,True,0,10,"[1, 1, 1, 1, 1, 1, 1, 1, 1, 1]"
CASE OF HADDAD v. SPAIN,8,violation,1.0,True,0,10,"[1, 1, 1, 1, 1, 1, 1, 1, 1, 1]"
CASE OF P.R. v. AUSTRIA,8,violation,1.0,True,0,10,"[1, 1, 1, 1, 1, 1, 1, 1, 1, 1]"
CASE OF A.S. v. NORWAY,8,violation,1.0,True,0,10,"[1, 1, 1, 1, 1, 1, 1, 1, 1, 1]"
CASE OF LOGVINENKO v. UKRAINE,3,violation,1.0,True,0,10,"[1, 1, 1, 1, 1, 1, 1, 1, 1, 1]"
CASE OF SAMOYLENKO v. UKRAINE,5,violation,1.0,True,0,10,"[1, 1, 1, 1, 1, 1, 1, 1, 1, 1]"
CASE OF KORBAN v. UKRAINE,18,no_violation,2.2,False,0,10,"[1, 2, 5, 2, 1, 5, 2, 1, 2, 1]"
CASE OF KARDAVA v. UKRAINE,2,violation,3.8,False,0,10,"[5, 1, 1, 5, 5, 5, 2, 4, 5, 5]"
CASE OF O'LEARY v. IRELAND,6,violation,1.0,True,0,10,"[1, 1, 1, 1, 1, 1, 1, 1, 1, 1]"
CASE OF MILOVANOVIC v. SERBIA,8,violation,1.0,True,0,10,"[1, 1, 1, 1, 1, 1, 1, 1, 1, 1]"
CASE OF KAMENOVA v. BULGARIA,P1-1,no_violation,1.0,False,0,10,"[1, 1, 1, 1, 1, 1, 1, 1, 1, 1]"
CASE OF BEKETOV v. UKRAINE,13,violation,1.2,True,1,10,"[1, 1, 3, 1, 1, 1, 1, 1, 1, 1]"
CASE OF KOROL AND OTHERS v. UKRAINE,34,violation,3.4,False,0,10,"[5, 5, 5, 1, 5, 1, 1, 5, 1, 5]"
CASE OF ĒCIS v. LATVIA,14,violation,1.0,True,0,10,"[1, 1, 1, 1, 1, 1, 1, 1, 1, 1]"
"CASE OF SVIT ROZVAG, TOV AND OTHERS v. UKRAINE",6,no_violation,3.2,True,2,10,"[2, 2, 5, 4, 5, 2, 3, 1, 3, 5]"
CASE OF ANDREYEVA v. UKRAINE,2,violation,1.0,True,0,10,"[1, 1, 1, 1, 1, 1, 1, 1, 1, 1]"
CASE OF BJARNI ÁRMANNSSON v. ICELAND,P7-4,violation,1.0,True,0,10,"[1, 1, 1, 1, 1, 1, 1, 1, 1, 1]"
CASE OF ŽIVANOVIĆ AND OTHERS v. SERBIA,6,violation,1.0,True,0,10,"[1, 1, 1, 1, 1, 1, 1, 1, 1, 1]"
CASE OF RADZEVIL v. UKRAINE,6,no_violation,2.1,False,0,10,"[1, 1, 5, 2, 1, 5, 1, 2, 2, 1]"
CASE OF CLASENS v. BELGIUM,3,violation,1.0,True,0,10,"[1, 1, 1, 1, 1, 1, 1, 1, 1, 1]"
CASE OF BARALIJA v. BOSNIA AND HERZEGOVINA,P12-1,violation,1.0,True,0,10,"[1, 1, 1, 1, 1, 1, 1, 1, 1, 1]"
CASE OF KOPYTETS AND SHTOPKO v. UKRAINE,13,violation,1.0,True,0,10,"[1, 1, 1, 1, 1, 1, 1, 1, 1, 1]"
CASE OF YAKUBA v. UKRAINE,34,violation,1.1,True,0,10,"[1, 1, 2, 1, 1, 1, 1, 1, 1, 1]"
CASE OF BURLAKOV AND LYSENKO v. UKRAINE,5,violation,2.6,True,4,10,"[1, 5, 1, 3, 3, 1, 5, 3, 3, 1]"
CASE OF ANTONOV AND OTHERS v. THE REPUBLIC OF MOLDOVA AND RUSSIA,3,no_violation,1.0,False,0,10,"[1, 1, 1, 1, 1, 1, 1, 1, 1, 1]"
CASE OF ELČIĆ AND OTHERS v. BOSNIA AND HERZEGOVINA,P1-1,violation,1.0,True,0,10,"[1, 1, 1, 1, 1, 1, 1, 1, 1, 1]"
CASE OF SAVRAN v. DENMARK,3,violation,1.0,True,0,10,"[1, 1, 1, 1, 1, 1, 1, 1, 1, 1]"
CASE OF HODŽIĆ AND SIRĆO v. BOSNIA AND HERZEGOVINA,6,violation,1.0,True,0,10,"[1, 1, 1, 1, 1, 1, 1, 1, 1, 1]"
CASE OF ROMEVA v. NORTH MACEDONIA,P1-1,violation,1.0,True,0,10,"[1, 1, 1, 1, 1, 1, 1, 1, 1, 1]"
CASE OF J.D. AND A v. THE UNITED KINGDOM,14,no_violation,2.3,False,1,10,"[2, 5, 1, 1, 5, 1, 2, 2, 3, 1]"
CASE OF TSUKUR AND OTHERS v. UKRAINE,3,violation,1.0,True,0,10,"[1, 1, 1, 1, 1, 1, 1, 1, 1, 1]"
CASE OF SANCHYSHYN  v. UKRAINE,P4-2,violation,1.0,True,0,10,"[1, 1, 1, 1, 1, 1, 1, 1, 1, 1]"
CASE OF VAN DE KOLK v. THE NETHERLANDS,6,violation,1.0,True,0,10,"[1, 1, 1, 1, 1, 1, 1, 1, 1, 1]"
CASE OF DOYLE v. IRELAND,6,no_violation,2.2,False,0,10,"[2, 1, 1, 1, 5, 1, 5, 4, 1, 1]"
CASE OF GAWLIK v. LIECHTENSTEIN,10,no_violation,4.9,True,0,10,"[5, 5, 4, 5, 5, 5, 5, 5, 5, 5]"
CASE OF M.L. v. SLOVAKIA,8,violation,1.0,True,0,10,"[1, 1, 1, 1, 1, 1, 1, 1, 1, 1]"
CASE OF GRAŽULEVIČIŪTĖ v. LITHUANIA,6,violation,1.0,True,0,10,"[1, 1, 1, 1, 1, 1, 1, 1, 1, 1]"
CASE OF M.F. v. NORWAY,8,no_violation,2.6,False,0,10,"[1, 4, 4, 4, 1, 4, 2, 4, 1, 1]"
CASE OF EFENDIĆ v. BOSNIA AND HERZEGOVINA,P1-1,violation,1.0,True,0,10,"[1, 1, 1, 1, 1, 1, 1, 1, 1, 1]"
CASE OF E.H. v. NORWAY,8,violation,3.2,False,1,10,"[5, 5, 2, 1, 2, 4, 3, 1, 4, 5]"
CASE OF SANCHEZ v. FRANCE,10,no_violation,5.0,True,0,10,"[5, 5, 5, 5, 5, 5, 5, 5, 5, 5]"
CASE OF VELICHKO v. UKRAINE,3,violation,1.4,True,0,10,"[1, 1, 4, 1, 1, 1, 2, 1, 1, 1]"
CASE OF CAUCHI v. MALTA,P1-1,violation,1.0,True,0,10,"[1, 1, 1, 1, 1, 1, 1, 1, 1, 1]"
CASE OF W.A. v. SWITZERLAND,P7-4,violation,3.2,False,0,10,"[5, 1, 5, 5, 1, 1, 4, 5, 4, 1]"
CASE OF POLTORATSKYY v. UKRAINE,13,no_violation,1.2,False,1,10,"[1, 3, 1, 1, 1, 1, 1, 1, 1, 1]"
CASE OF BARANIN AND VUKČEVIĆ v. MONTENEGRO,3,violation,1.0,True,0,10,"[1, 1, 1, 1, 1, 1, 1, 1, 1, 1]"
CASE OF SZŐLŐSI v. HUNGARY,6,violation,1.0,True,0,10,"[1, 1, 1, 1, 1, 1, 1, 1, 1, 1]"
CASE OF MYASNIKOV AND ULYANOV v. UKRAINE,5,violation,4.8,False,1,10,"[5, 5, 5, 5, 5, 5, 5, 5, 3, 5]"
CASE OF BUDIMIR v. CROATIA,8,violation,1.0,True,0,10,"[1, 1, 1, 1, 1, 1, 1, 1, 1, 1]"
CASE OF BORGOVAN v. ROMANIA,6,violation,2.2,True,0,10,"[1, 1, 1, 5, 5, 1, 2, 2, 2, 2]"
CASE OF RÎBAC AND RODINA-AGRO S.A. v. THE REPUBLIC OF MOLDOVA AND RUSSIA,11,no_violation,1.0,False,0,10,"[1, 1, 1, 1, 1, 1, 1, 1, 1, 1]"
CASE OF MIKELADZE AND OTHERS v. GEORGIA,14,violation,2.2,True,0,10,"[1, 1, 4, 1, 4, 1, 2, 5, 1, 2]"
CASE OF RADU AND OTHERS v. ROMANIA,3,violation,1.0,True,0,10,"[1, 1, 1, 1, 1, 1, 1, 1, 1, 1]"
CASE OF ZOHLANDT v. THE NETHERLANDS,5,violation,1.0,True,0,10,"[1, 1, 1, 1, 1, 1, 1, 1, 1, 1]"
CASE OF FİKRET KARAHAN v. TURKEY,6,violation,1.0,True,0,10,"[1, 1, 1, 1, 1, 1, 1, 1, 1, 1]"
CASE OF DURAKOVIĆ AND KREŠTALICA v. BOSNIA AND HERZEGOVINA,P1-1,violation,1.0,True,0,10,"[1, 1, 1, 1, 1, 1, 1, 1, 1, 1]"
CASE OF KLOPSTRA v. SPAIN,6,violation,1.0,True,0,10,"[1, 1, 1, 1, 1, 1, 1, 1, 1, 1]"
CASE OF CILEI AND ROSIP v. THE REPUBLIC OF MOLDOVA AND RUSSIA,13,no_violation,1.0,False,0,10,"[1, 1, 1, 1, 1, 1, 1, 1, 1, 1]"
CASE OF DIMOV AND OTHERS v. BULGARIA,P1-3,violation,1.0,True,0,10,"[1, 1, 1, 1, 1, 1, 1, 1, 1, 1]"
CASE OF BONESCU AND OTHERS v. ROMANIA,3,violation,1.0,True,0,10,"[1, 1, 1, 1, 1, 1, 1, 1, 1, 1]"
CASE OF E.G. v. THE REPUBLIC OF MOLDOVA,3,violation,1.0,True,0,10,"[1, 1, 1, 1, 1, 1, 1, 1, 1, 1]"
CASE OF CENTRUM FÖR RÄTTVISA v. SWEDEN,8,violation,1.5,True,0,10,"[2, 1, 1, 1, 1, 1, 1, 5, 1, 1]"
CASE OF KHAN v. DENMARK,8,no_violation,5.0,True,0,10,"[5, 5, 5, 5, 5, 5, 5, 5, 5, 5]"
CASE OF ASANOVIĆ v. MONTENEGRO,5,violation,1.0,True,0,10,"[1, 1, 1, 1, 1, 1, 1, 1, 1, 1]"
CASE OF JALLOW v. NORWAY,6,no_violation,3.9,True,0,10,"[2, 2, 5, 4, 5, 5, 4, 5, 2, 5]"
CASE OF MUCHA v. SLOVAKIA,6,violation,1.0,True,0,10,"[1, 1, 1, 1, 1, 1, 1, 1, 1, 1]"
CASE OF ALIMPIEV v. THE REPUBLIC OF MOLDOVA AND RUSSIA,5,violation,1.0,True,0,10,"[1, 1, 1, 1, 1, 1, 1, 1, 1, 1]"
CASE OF LACATUS v. SWITZERLAND,8,violation,1.0,True,0,10,"[1, 1, 1, 1, 1, 1, 1, 1, 1, 1]"
CASE OF GOLUB v. THE REPUBLIC OF MOLDOVA AND RUSSIA,P4-2,no_violation,3.2,True,0,10,"[4, 5, 4, 1, 5, 1, 4, 4, 2, 2]"
CASE OF ȘCERBININA v. THE REPUBLIC OF MOLDOVA AND RUSSIA,6,no_violation,1.0,False,0,10,"[1, 1, 1, 1, 1, 1, 1, 1, 1, 1]"
CASE OF VĂDUVA AND OTHERS v. ROMANIA,3,violation,1.0,True,0,10,"[1, 1, 1, 1, 1, 1, 1, 1, 1, 1]"
CASE OF SHABELNIK v. UKRAINE (No. 3),7,no_violation,5.0,True,0,10,"[5, 5, 5, 5, 5, 5, 5, 5, 5, 5]"
CASE OF ABDI v. DENMARK,8,violation,1.0,True,0,10,"[1, 1, 1, 1, 1, 1, 1, 1, 1, 1]"
CASE OF GILLIGAN v. IRELAND,6,no_violation,3.8,True,0,10,"[5, 1, 5, 5, 1, 4, 5, 2, 5, 5]"
CASE OF CSIKÓS AND OTHERS v. HUNGARY,5,violation,1.0,True,0,10,"[1, 1, 1, 1, 1, 1, 1, 1, 1, 1]"
CASE OF STRØBYE AND ROSENLIND v. DENMARK,14,no_violation,4.4,True,0,10,"[2, 5, 5, 5, 4, 5, 5, 4, 4, 5]"
CASE OF IVKOVIĆ AND OTHERS v. SERBIA,6,violation,1.0,True,0,10,"[1, 1, 1, 1, 1, 1, 1, 1, 1, 1]"
CASE OF JESTCOV v. THE REPUBLIC OF MOLDOVA AND RUSSIA,2,no_violation,1.4,False,1,10,"[2, 1, 2, 1, 1, 1, 1, 3, 1, 1]"
CASE OF BLIZNYUK v. UKRAINE,2,violation,1.0,True,0,10,"[1, 1, 1, 1, 1, 1, 1, 1, 1, 1]"
CASE OF GOLUB v. THE REPUBLIC OF MOLDOVA AND RUSSIA,13,no_violation,1.4,False,1,10,"[1, 1, 3, 1, 1, 1, 2, 2, 1, 1]"
CASE OF ŠPADIJER v. MONTENEGRO,8,violation,1.0,True,0,10,"[1, 1, 1, 1, 1, 1, 1, 1, 1, 1]"
CASE OF MOROŞANU AND OTHERS v. ROMANIA,2,violation,1.0,True,0,10,"[1, 1, 1, 1, 1, 1, 1, 1, 1, 1]"
CASE OF LIEBSCHER v. AUSTRIA,8,violation,1.0,True,0,10,"[1, 1, 1, 1, 1, 1, 1, 1, 1, 1]"
CASE OF OMDAHL v. NORWAY,6,no_violation,4.6,True,0,10,"[4, 5, 5, 2, 5, 5, 5, 5, 5, 5]"
CASE OF VALDÍS FJÖLNISDÓTTIR AND OTHERS v. ICELAND,8,no_violation,4.3,True,0,10,"[5, 4, 5, 5, 1, 4, 4, 5, 5, 5]"
CASE OF SŁAWIŃSKI v. POLAND,13,violation,2.0,True,1,10,"[1, 3, 1, 2, 1, 4, 1, 5, 1, 1]"
CASE OF FEILAZOO v. MALTA,34,violation,1.0,True,0,10,"[1, 1, 1, 1, 1, 1, 1, 1, 1, 1]"
CASE OF CAAMAÑO VALLE v. SPAIN,P1-3,no_violation,2.6,False,0,10,"[1, 2, 1, 1, 5, 4, 1, 5, 5, 1]"
CASE OF APAP BOLOGNA v. MALTA,13,violation,2.2,True,2,10,"[4, 1, 1, 1, 1, 3, 1, 5, 2, 3]"
CASE OF SANDU AND OTHERS v. ROMANIA,3,violation,1.0,True,0,10,"[1, 1, 1, 1, 1, 1, 1, 1, 1, 1]"
CASE OF K.I. v. FRANCE,3,violation,1.0,True,0,10,"[1, 1, 1, 1, 1, 1, 1, 1, 1, 1]"
CASE OF BARSEGHYAN v. ARMENIA,11,violation,1.0,True,0,10,"[1, 1, 1, 1, 1, 1, 1, 1, 1, 1]"
CASE OF ASLANIAN v. THE REPUBLIC OF MOLDOVA AND RUSSIA,9,no_violation,1.0,False,0,10,"[1, 1, 1, 1, 1, 1, 1, 1, 1, 1]"
CASE OF IBRIŠIMOVIĆ AND OTHERS v. BOSNIA AND HERZEGOVINA,P1-1,violation,1.0,True,0,10,"[1, 1, 1, 1, 1, 1, 1, 1, 1, 1]"
CASE OF MILOŠEVIĆ v. CROATIA,P7-4,violation,1.0,True,0,10,"[1, 1, 1, 1, 1, 1, 1, 1, 1, 1]"
CASE OF MONIR LOTFY v. CYPRUS,5,violation,1.0,True,0,10,"[1, 1, 1, 1, 1, 1, 1, 1, 1, 1]"
CASE OF NORWEGIAN CONFEDERATION OF TRADE UNIONS (LO) AND NORWEGIAN TRANSPORT WORKERS’ UNION (NTF) v. NORWAY,11,no_violation,4.6,True,0,10,"[5, 2, 5, 5, 5, 4, 5, 5, 5, 5]"
CASE OF ROVSHAN HAJIYEV v. AZERBAIJAN,10,violation,1.0,True,0,10,"[1, 1, 1, 1, 1, 1, 1, 1, 1, 1]"
CASE OF AVCI v. DENMARK,8,no_violation,4.9,True,0,10,"[5, 5, 5, 5, 5, 4, 5, 5, 5, 5]"
"CASE OF TOŢCHI AND OTHERS v. THE REPUBLIC OF MOLDOVA, RUSSIA AND UKRAINE",2,no_violation,1.0,False,0,10,"[1, 1, 1, 1, 1, 1, 1, 1, 1, 1]"
CASE OF ANCIENT BALTIC RELIGIOUS ASSOCIATION “ROMUVA” v. LITHUANIA,13,violation,1.7,True,1,10,"[1, 1, 2, 2, 2, 1, 2, 1, 2, 3]"
CASE OF LAMBERTNÉ BÁRSONY v. HUNGARY,6,violation,1.0,True,0,10,"[1, 1, 1, 1, 1, 1, 1, 1, 1, 1]"
CASE OF KIISA v. ESTONIA,13,violation,1.0,True,0,10,"[1, 1, 1, 1, 1, 1, 1, 1, 1, 1]"
CASE OF S.J. v. BELGIUM,8,no_violation,5.0,True,0,10,"[5, 5, 5, 5, 5, 5, 5, 5, 5, 5]"
CASE OF MEMISHAJ v. ALBANIA,13,violation,1.4,True,0,10,"[1, 1, 5, 1, 1, 1, 1, 1, 1, 1]"
CASE OF TARANEKS v. LATVIA,8,violation,1.4,True,0,10,"[2, 1, 2, 2, 1, 1, 1, 1, 1, 2]"
CASE OF MILINKOVIĆ v. BOSNIA AND HERZEGOVINA,P1-1,violation,1.0,True,0,10,"[1, 1, 1, 1, 1, 1, 1, 1, 1, 1]"
CASE OF MEMISHAJ v. ALBANIA,6,violation,1.0,True,0,10,"[1, 1, 1, 1, 1, 1, 1, 1, 1, 1]"
CASE OF FERNÁNDEZ MARTÍNEZ v. SPAIN,8,no_violation,5.0,True,0,10,"[5, 5, 5, 5, 5, 5, 5, 5, 5, 5]"
CASE OF BEGANOVIC v. SLOVENIA,13,violation,1.0,True,0,10,"[1, 1, 1, 1, 1, 1, 1, 1, 1, 1]"
CASE OF VAJNAI v. HUNGARY NO.4,10,violation,1.0,True,0,10,"[1, 1, 1, 1, 1, 1, 1, 1, 1, 1]"
"CASE OF SOCIEDADE DE CONSTRUCOES MARTINS AND VIEIRA, LDA v. PORTUGAL",6,violation,1.0,True,0,10,"[1, 1, 1, 1, 1, 1, 1, 1, 1, 1]"
CASE OF BUZADJI v. THE REPUBLIC OF MOLDOVA,5,violation,1.0,True,0,10,"[1, 1, 1, 1, 1, 1, 1, 1, 1, 1]"
CASE OF L.M. v. SLOVENIA,5,violation,1.0,True,0,10,"[1, 1, 1, 1, 1, 1, 1, 1, 1, 1]"
CASE OF S.A.S. v. FRANCE,8,no_violation,5.0,True,0,10,"[5, 5, 5, 5, 5, 5, 5, 5, 5, 5]"
CASE OF RADU v. THE REPUBLIC OF MOLDOVA,8,violation,1.0,True,0,10,"[1, 1, 1, 1, 1, 1, 1, 1, 1, 1]"
CASE OF AVOTIŅŠ v. LATVIA,6,no_violation,4.3,True,0,10,"[5, 2, 5, 5, 5, 5, 5, 5, 1, 5]"
CASE OF LAKATOŠ AND OTHERS v. SERBIA,5,violation,2.5,True,0,10,"[4, 1, 1, 4, 1, 1, 2, 5, 4, 2]"
CASE OF FILATOVA AND OTHERS v. UKRAINE,13,violation,1.0,True,0,10,"[1, 1, 1, 1, 1, 1, 1, 1, 1, 1]"
CASE OF GRESPIK v. HUNGARY,6,violation,1.0,True,0,10,"[1, 1, 1, 1, 1, 1, 1, 1, 1, 1]"
CASE OF ZALEVSKIY v. UKRAINE,3,no_violation,1.0,False,0,10,"[1, 1, 1, 1, 1, 1, 1, 1, 1, 1]"
CASE OF MARGARETIĆ v. CROATIA,6,no_violation,2.9,False,4,10,"[5, 3, 2, 2, 3, 2, 1, 3, 3, 5]"
CASE OF HUSAYN (ABU ZUBAYDAH) v. POLAND,38,violation,1.5,True,0,10,"[1, 2, 1, 1, 1, 1, 5, 1, 1, 1]"
CASE OF OSAKOVSKIY v. UKRAINE,6,violation,1.3,True,1,10,"[1, 1, 1, 2, 1, 1, 1, 3, 1, 1]"
CASE OF TALI v. ESTONIA,3,violation,1.2,True,0,10,"[1, 1, 1, 2, 2, 1, 1, 1, 1, 1]"
CASE OF RUIZ RIVERA v. SWITZERLAND [Extracts],5,violation,1.0,True,0,10,"[1, 1, 1, 1, 1, 1, 1, 1, 1, 1]"
CASE OF CĒSNIEKS v. LATVIA,6,violation,1.0,True,0,10,"[1, 1, 1, 1, 1, 1, 1, 1, 1, 1]"
CASE OF LINDSTRÖM AND MÄSSELI v. FINLAND,3,no_violation,5.0,True,0,10,"[5, 5, 5, 5, 5, 5, 5, 5, 5, 5]"
"CASE OF DUŠKO IVANOVSKI v. ""THE FORMER YUGOSLAV REPUBLIC OF MACEDONIA""",6,violation,1.2,True,0,10,"[1, 1, 1, 2, 1, 1, 1, 2, 1, 1]"
CASE OF PLACÌ v. ITALY,6,violation,1.0,True,0,10,"[1, 1, 1, 1, 1, 1, 1, 1, 1, 1]"
CASE OF TERSHIYEV v. AZERBAIJAN,3,no_violation,5.0,True,0,10,"[5, 5, 5, 5, 5, 5, 5, 5, 5, 5]"
CASE OF VIEIRA GOMES BEZERRA v. PORTUGAL,6,violation,1.0,True,0,10,"[1, 1, 1, 1, 1, 1, 1, 1, 1, 1]"
CASE OF STAUDER AND GABL v. AUSTRIA,6,violation,1.0,True,0,10,"[1, 1, 1, 1, 1, 1, 1, 1, 1, 1]"
CASE OF VOLYANYK v. UKRAINE,5,violation,1.0,True,0,10,"[1, 1, 1, 1, 1, 1, 1, 1, 1, 1]"
CASE OF CSÁSZY v. HUNGARY,8,violation,1.0,True,0,10,"[1, 1, 1, 1, 1, 1, 1, 1, 1, 1]"
CASE OF PETER v. GERMANY,6,no_violation,4.8,True,0,10,"[5, 5, 5, 5, 4, 4, 5, 5, 5, 5]"
CASE OF SUKHANOV AND ILCHENKO v. UKRAINE,P1-1,violation,2.4,True,0,10,"[2, 1, 5, 4, 1, 5, 2, 1, 1, 2]"
CASE OF KARAGJOZI AND OTHERS v. ALBANIA,6,violation,1.0,True,0,10,"[1, 1, 1, 1, 1, 1, 1, 1, 1, 1]"
CASE OF YAVOROVENKO AND OTHERS v. UKRAINE,13,violation,1.0,True,0,10,"[1, 1, 1, 1, 1, 1, 1, 1, 1, 1]"
CASE OF F.G. v. SWEDEN,2,no_violation,4.7,True,1,10,"[5, 5, 5, 3, 4, 5, 5, 5, 5, 5]"
CASE OF GÖTHLIN v. SWEDEN,5,no_violation,5.0,True,0,10,"[5, 5, 5, 5, 5, 5, 5, 5, 5, 5]"
CASE OF ALEKSANDR VLADIMIROVICH SMIRNOV v. UKRAINE,3,violation,1.0,True,0,10,"[1, 1, 1, 1, 1, 1, 1, 1, 1, 1]"
"CASE OF ALIŠIĆ AND OTHERS v. BOSNIA AND HERZEGOVINA, CROATIA, SERBIA, SLOVENIA AND ""THE FORMER YUGOSLAV REPUBLIC OF MACEDONIA""",P1-1,violation,1.0,True,0,10,"[1, 1, 1, 1, 1, 1, 1, 1, 1, 1]"
CASE OF BOKAL v. SLOVENIA,13,violation,1.0,True,0,10,"[1, 1, 1, 1, 1, 1, 1, 1, 1, 1]"
CASE OF S.A.S. v. FRANCE,14,no_violation,5.0,True,0,10,"[5, 5, 5, 5, 5, 5, 5, 5, 5, 5]"
CASE OF OMELCHENKO v. UKRAINE,6,violation,1.0,True,0,10,"[1, 1, 1, 1, 1, 1, 1, 1, 1, 1]"
CASE OF JAEGER v. ESTONIA,8,violation,1.4,True,0,10,"[1, 1, 1, 1, 1, 1, 1, 5, 1, 1]"
CASE OF BERARU v. ROMANIA,6,violation,1.0,True,0,10,"[1, 1, 1, 1, 1, 1, 1, 1, 1, 1]"
CASE OF LULI AND OTHERS v. ALBANIA,6,violation,1.0,True,0,10,"[1, 1, 1, 1, 1, 1, 1, 1, 1, 1]"
CASE OF KARIN ANDERSSON AND OTHERS v. SWEDEN,6,violation,1.0,True,0,10,"[1, 1, 1, 1, 1, 1, 1, 1, 1, 1]"
CASE OF O.G. v. LATVIA,5,violation,1.0,True,0,10,"[1, 1, 1, 1, 1, 1, 1, 1, 1, 1]"
CASE OF Y v. LATVIA,3,no_violation,1.0,False,0,10,"[1, 1, 1, 1, 1, 1, 1, 1, 1, 1]"
CASE OF HORNCASTLE AND OTHERS v. THE UNITED KINGDOM,6,no_violation,4.9,True,0,10,"[5, 5, 5, 5, 4, 5, 5, 5, 5, 5]"
CASE OF PIRTTIMÄKI v. FINLAND,P7-4,no_violation,1.1,False,0,10,"[1, 1, 2, 1, 1, 1, 1, 1, 1, 1]"
CASE OF M.E. v. DENMARK,3,no_violation,4.9,True,0,10,"[5, 5, 5, 5, 5, 4, 5, 5, 5, 5]"
CASE OF VASILYEV AND OTHERS v. UKRAINE,13,violation,1.0,True,0,10,"[1, 1, 1, 1, 1, 1, 1, 1, 1, 1]"
CASE OF LI v. RUSSIA,P1-1,no_violation,5.0,True,0,10,"[5, 5, 5, 5, 5, 5, 5, 5, 5, 5]"
CASE OF ALEKSANDR VLADIMIROVICH SMIRNOV v. UKRAINE,6,violation,1.0,True,0,10,"[1, 1, 1, 1, 1, 1, 1, 1, 1, 1]"
CASE OF N.A. v. NORWAY,6,no_violation,5.0,True,0,10,"[5, 5, 5, 5, 5, 5, 5, 5, 5, 5]"
CASE OF VASILYEV AND OTHERS v. UKRAINE,8,violation,5.0,False,0,10,"[5, 5, 5, 5, 5, 5, 5, 5, 5, 5]"
CASE OF TANDA-MUZINGA v. FRANCE,8,violation,1.0,True,0,10,"[1, 1, 1, 1, 1, 1, 1, 1, 1, 1]"
"CASE OF SOCIEDADE DE CONSTRUCOES MARTINS AND VIEIRA, LDA v. PORTUGAL",13,violation,1.0,True,0,10,"[1, 1, 1, 1, 1, 1, 1, 1, 1, 1]"
CASE OF ANTHONY AQUILINA v. MALTA,P1-1,violation,1.0,True,0,10,"[1, 1, 1, 1, 1, 1, 1, 1, 1, 1]"
CASE OF M.E. v. SWEDEN,3,no_violation,4.6,True,0,10,"[5, 5, 5, 5, 5, 1, 5, 5, 5, 5]"
CASE OF O'KEEFFE v. IRELAND,3,violation,1.0,True,0,10,"[1, 1, 1, 1, 1, 1, 1, 1, 1, 1]"
CASE OF BOROVSKÁ AND FORRAI v. SLOVAKIA,6,violation,1.0,True,0,10,"[1, 1, 1, 1, 1, 1, 1, 1, 1, 1]"
CASE OF ERLA HLYNSDÓTTIR v. ICELAND (No. 2),10,violation,1.0,True,0,10,"[1, 1, 1, 1, 1, 1, 1, 1, 1, 1]"
"MILADINOV AND OTHERS v. ""THE FORMER YUGOSLAV REPUBLIC OF MACEDONIA""",5,violation,1.0,True,0,10,"[1, 1, 1, 1, 1, 1, 1, 1, 1, 1]"
CASE OF EMIN HUSEYNOV v. AZERBAIJAN (No. 2),34,no_violation,3.5,True,0,10,"[1, 5, 5, 5, 1, 5, 1, 5, 5, 2]"
CASE OF MESIĆ v. CROATIA (No. 2),8,no_violation,4.5,True,0,10,"[5, 5, 5, 5, 5, 5, 5, 4, 4, 2]"
CASE OF KATONA AND ZÁVARSKÝ v. SLOVAKIA,P1-1,violation,1.0,True,0,10,"[1, 1, 1, 1, 1, 1, 1, 1, 1, 1]"
CASE OF STRASSENMEYER v. GERMANY,6,no_violation,3.7,True,0,10,"[5, 1, 2, 5, 4, 5, 5, 4, 1, 5]"
CASE OF IRODOTOU v. CYPRUS,6,violation,1.0,True,0,10,"[1, 1, 1, 1, 1, 1, 1, 1, 1, 1]"
CASE OF A.S. v. ITALY,5,violation,1.8,True,1,10,"[1, 2, 1, 3, 1, 4, 2, 2, 1, 1]"
CASE OF KAPITONOV AND OTHERS v. RUSSIA,5,violation,1.0,True,0,10,"[1, 1, 1, 1, 1, 1, 1, 1, 1, 1]"
CASE OF JANÁČEK v. THE CZECH REPUBLIC,6,violation,1.0,True,0,10,"[1, 1, 1, 1, 1, 1, 1, 1, 1, 1]"
CASE OF AXEL SPRINGER SE v. GERMANY,10,no_violation,5.0,True,0,10,"[5, 5, 5, 5, 5, 5, 5, 5, 5, 5]"
CASE OF ABBASALIYEVA v. AZERBAIJAN,8,violation,1.0,True,0,10,"[1, 1, 1, 1, 1, 1, 1, 1, 1, 1]"
CASE OF LUCA v. THE REPUBLIC OF MOLDOVA,3,violation,1.0,True,0,10,"[1, 1, 1, 1, 1, 1, 1, 1, 1, 1]"
CASE OF ZAJMI v. ALBANIA,6,violation,1.2,True,0,10,"[1, 1, 1, 1, 2, 1, 2, 1, 1, 1]"
CASE OF OHANJANYAN v. ARMENIA,2,violation,1.0,True,0,10,"[1, 1, 1, 1, 1, 1, 1, 1, 1, 1]"
CASE OF A.M.A. v. THE NETHERLANDS,3,violation,1.0,True,0,10,"[1, 1, 1, 1, 1, 1, 1, 1, 1, 1]"
CASE OF MAMASAKHLISI AND OTHERS v. GEORGIA AND RUSSIA,5,violation,1.0,True,0,10,"[1, 1, 1, 1, 1, 1, 1, 1, 1, 1]"
CASE OF A.T. AND OTHERS v. ITALY,5,violation,1.0,True,0,10,"[1, 1, 1, 1, 1, 1, 1, 1, 1, 1]"
CASE OF TEPLJAKOV v. ESTONIA,3,violation,1.2,True,0,10,"[1, 1, 1, 1, 1, 2, 1, 1, 2, 1]"
CASE OF CETINJA v. CROATIA,7,violation,2.9,True,0,10,"[1, 4, 2, 2, 2, 4, 2, 5, 2, 5]"
CASE OF LOBCHUK AND OTHERS v. UKRAINE,3,violation,1.0,True,0,10,"[1, 1, 1, 1, 1, 1, 1, 1, 1, 1]"
CASE OF DIMAKSYAN v. ARMENIA,13,violation,1.0,True,0,10,"[1, 1, 1, 1, 1, 1, 1, 1, 1, 1]"
CASE OF HALET v. LUXEMBOURG,10,violation,1.0,True,0,10,"[1, 1, 1, 1, 1, 1, 1, 1, 1, 1]"
CASE OF X AND OTHERS v. IRELAND,14,no_violation,4.0,True,0,10,"[2, 2, 5, 5, 4, 5, 5, 2, 5, 5]"
CASE OF HUMPERT AND OTHERS v. GERMANY,11,no_violation,4.4,True,0,10,"[5, 4, 4, 5, 5, 5, 5, 4, 2, 5]"
CASE OF MAMASAKHLISI AND OTHERS v. GEORGIA AND RUSSIA,3,violation,1.0,True,0,10,"[1, 1, 1, 1, 1, 1, 1, 1, 1, 1]"
CASE OF EFGAN ÇETİN AND OTHERS v. TÜRKİYE,6,violation,1.0,True,0,10,"[1, 1, 1, 1, 1, 1, 1, 1, 1, 1]"
CASE OF KARANTALIS v. GREECE,6,violation,2.4,True,2,10,"[2, 3, 2, 3, 4, 1, 4, 2, 1, 2]"
CASE OF GEORGIOU v. GREECE,6,violation,1.0,True,0,10,"[1, 1, 1, 1, 1, 1, 1, 1, 1, 1]"
CASE OF SHIPS WASTE OIL COLLECTOR B.V. v. THE NETHERLANDS,8,no_violation,4.4,True,0,10,"[5, 4, 4, 4, 5, 4, 5, 5, 4, 4]"
CASE OF TEPLJAKOV v. ESTONIA,8,violation,1.0,True,0,10,"[1, 1, 1, 1, 1, 1, 1, 1, 1, 1]"
CASE OF BELTSIOS v. GREECE,5,violation,2.0,True,0,10,"[2, 1, 4, 1, 1, 2, 2, 1, 1, 5]"
CASE OF Y v. FRANCE,8,no_violation,2.2,False,0,10,"[5, 1, 1, 1, 1, 1, 5, 1, 5, 1]"
CASE OF GRIMA AND OTHERS v. MALTA,13,violation,2.8,True,0,10,"[5, 2, 1, 2, 5, 2, 2, 2, 5, 2]"
CASE OF ZAMMIT AND BUSUTTIL v. MALTA,P1-1,violation,1.7,True,0,10,"[2, 2, 1, 4, 1, 2, 1, 2, 1, 1]"
CASE OF BELLOTTO AND OTHERS  v. ITALY,P1-1,no_violation,1.0,False,0,10,"[1, 1, 1, 1, 1, 1, 1, 1, 1, 1]"
CASE OF ROZHNOV AND OTHERS v. UKRAINE,13,violation,1.0,True,0,10,"[1, 1, 1, 1, 1, 1, 1, 1, 1, 1]"
CASE OF PAVLOV AND OTHERS v. UKRAINE,3,violation,1.0,True,0,10,"[1, 1, 1, 1, 1, 1, 1, 1, 1, 1]"
CASE OF PLESHKOV AND PLESHKOVA v. UKRAINE,8,violation,1.0,True,0,10,"[1, 1, 1, 1, 1, 1, 1, 1, 1, 1]"
CASE OF CAMARA v. BELGIUM,6,violation,1.0,True,0,10,"[1, 1, 1, 1, 1, 1, 1, 1, 1, 1]"
CASE OF DERKACH v. UKRAINE,5,violation,1.3,True,1,10,"[1, 2, 1, 1, 1, 1, 1, 1, 1, 3]"
CASE OF SHARASHKIN AND OTHERS v. RUSSIA,6,violation,1.2,True,0,10,"[1, 2, 1, 1, 1, 1, 1, 2, 1, 1]"
CASE OF LANG v. UKRAINE,3,no_violation,5.0,True,0,10,"[5, 5, 5, 5, 5, 5, 5, 5, 5, 5]"
CASE OF EL-ASMAR v. DENMARK,3,violation,1.0,True,0,10,"[1, 1, 1, 1, 1, 1, 1, 1, 1, 1]"
CASE OF SEMENYA v. SWITZERLAND,14,violation,1.0,True,0,10,"[1, 1, 1, 1, 1, 1, 1, 1, 1, 1]"
CASE OF E.K. v. LATVIA,8,violation,1.0,True,0,10,"[1, 1, 1, 1, 1, 1, 1, 1, 1, 1]"
CASE OF ZAGHINI v. SAN MARINO,P1-1,no_violation,4.9,True,0,10,"[5, 4, 5, 5, 5, 5, 5, 5, 5, 5]"
CASE OF GOLOVIN v. UKRAINE,6,violation,1.0,True,0,10,"[1, 1, 1, 1, 1, 1, 1, 1, 1, 1]"
CASE OF NEZDYMOVSKYY v. UKRAINE,13,violation,1.0,True,0,10,"[1, 1, 1, 1, 1, 1, 1, 1, 1, 1]"
CASE OF IRODOTOU v. CYPRUS,13,violation,1.0,True,0,10,"[1, 1, 1, 1, 1, 1, 1, 1, 1, 1]"
CASE OF LAGOSHENKO AND OTHERS v. UKRAINE,6,violation,1.0,True,0,10,"[1, 1, 1, 1, 1, 1, 1, 1, 1, 1]"
CASE OF V v. THE CZECH REPUBLIC,2,violation,1.0,True,0,10,"[1, 1, 1, 1, 1, 1, 1, 1, 1, 1]"
CASE OF UGULAVA v. GEORGIA,5,no_violation,1.0,False,0,10,"[1, 1, 1, 1, 1, 1, 1, 1, 1, 1]"
CASE OF B.F. AND OTHERS v. SWITZERLAND,8,violation,1.1,True,0,10,"[2, 1, 1, 1, 1, 1, 1, 1, 1, 1]"
CASE OF LOCASCIA AND OTHERS v. ITALY,41,violation,1.4,True,0,10,"[1, 1, 1, 1, 1, 1, 5, 1, 1, 1]"
CASE OF LYAPCHEV AND OTHERS v. BULGARIA,P1-1,violation,1.0,True,0,10,"[1, 1, 1, 1, 1, 1, 1, 1, 1, 1]"
CASE OF O.J. AND J.O. v. GEORGIA AND RUSSIA,5,violation,1.0,True,0,10,"[1, 1, 1, 1, 1, 1, 1, 1, 1, 1]"
CASE OF BURANDO HOLDING B.V. AND PORT INVEST v. THE NETHERLANDS,8,no_violation,5.0,True,0,10,"[5, 5, 5, 5, 5, 5, 5, 5, 5, 5]"
CASE OF SHOLOMYTSKYY AND OTHERS v. UKRAINE,5,violation,1.0,True,0,10,"[1, 1, 1, 1, 1, 1, 1, 1, 1, 1]"
CASE OF J.A. AND OTHERS v. ITALY,P4-4,violation,1.1,True,0,10,"[1, 1, 1, 1, 1, 1, 1, 2, 1, 1]"
CASE OF INTERNATIONAL RESEARCH AND EXCHANGE BOARD v. AZERBAIJAN,P1-1,violation,1.0,True,0,10,"[1, 1, 1, 1, 1, 1, 1, 1, 1, 1]"
CASE OF O.J. AND J.O. v. GEORGIA AND RUSSIA,6,violation,1.0,True,0,10,"[1, 1, 1, 1, 1, 1, 1, 1, 1, 1]"
CASE OF Z.A. v. IRELAND,8,no_violation,3.6,True,1,10,"[2, 5, 2, 5, 4, 3, 2, 4, 5, 4]"
CASE OF NIKOLAEV AND OTHERS v. BULGARIA,P1-1,violation,1.0,True,0,10,"[1, 1, 1, 1, 1, 1, 1, 1, 1, 1]"
CASE OF AL-MASUDI v. DENMARK,8,no_violation,4.7,True,0,10,"[4, 5, 5, 5, 4, 5, 5, 4, 5, 5]"
CASE OF OVCHARENKO AND KOLOS v. UKRAINE,41,violation,1.0,True,0,10,"[1, 1, 1, 1, 1, 1, 1, 1, 1, 1]"
CASE OF MAMASAKHLISI AND OTHERS v. GEORGIA AND RUSSIA,6,violation,1.0,True,0,10,"[1, 1, 1, 1, 1, 1, 1, 1, 1, 1]"
CASE OF J&C PROPERTIES LIMITED v. MALTA,P1-1,violation,1.0,True,0,10,"[1, 1, 1, 1, 1, 1, 1, 1, 1, 1]"
CASE OF GALLO v. ITALY,P1-1,violation,1.0,True,0,10,"[1, 1, 1, 1, 1, 1, 1, 1, 1, 1]"
CASE OF BILD GMBH & CO. KG v. GERMANY,10,violation,1.0,True,0,10,"[1, 1, 1, 1, 1, 1, 1, 1, 1, 1]"
CASE OF METALLA v. ALBANIA,8,violation,2.8,True,1,10,"[3, 5, 4, 2, 2, 2, 4, 2, 2, 2]"
CASE OF VASHCHENKO AND TRETYAK v. UKRAINE,P1-1,violation,1.0,True,0,10,"[1, 1, 1, 1, 1, 1, 1, 1, 1, 1]"
CASE OF HAKOBYAN v. ARMENIA,6,violation,1.0,True,0,10,"[1, 1, 1, 1, 1, 1, 1, 1, 1, 1]"
CASE OF PETRYK v. UKRAINE,2,violation,1.0,True,0,10,"[1, 1, 1, 1, 1, 1, 1, 1, 1, 1]"
CASE OF PETKANYCH AND OTHERS v. UKRAINE,2,violation,1.0,True,0,10,"[1, 1, 1, 1, 1, 1, 1, 1, 1, 1]"
CASE OF MAKARUK AND OTHERS v. UKRAINE,2,violation,1.2,True,0,10,"[2, 1, 1, 1, 1, 1, 1, 2, 1, 1]"
CASE OF SOBCZYŃSKA AND OTHERS v. POLAND,6,violation,1.0,True,0,10,"[1, 1, 1, 1, 1, 1, 1, 1, 1, 1]"
CASE OF SINKO AND OTHERS v. UKRAINE,2,violation,1.0,True,0,10,"[1, 1, 1, 1, 1, 1, 1, 1, 1, 1]"
CASE OF TARANENKO AND OTHERS v. UKRAINE,6,violation,5.0,False,0,10,"[5, 5, 5, 5, 5, 5, 5, 5, 5, 5]"
CASE OF SHAYKIN AND OTHERS v. UKRAINE,3,violation,1.0,True,0,10,"[1, 1, 1, 1, 1, 1, 1, 1, 1, 1]"
CASE OF SHABRATSKYY AND SHABRATSKA v. UKRAINE,2,violation,1.2,True,1,10,"[1, 1, 1, 1, 3, 1, 1, 1, 1, 1]"
CASE OF OSTROVSKYY AND OTHERS v. UKRAINE,13,violation,1.0,True,0,10,"[1, 1, 1, 1, 1, 1, 1, 1, 1, 1]"
CASE OF EPIDAVR S.R.L. v. THE REPUBLIC OF MOLDOVA,8,violation,1.0,True,0,10,"[1, 1, 1, 1, 1, 1, 1, 1, 1, 1]"
CASE OF VILLÁS v. HUNGARY,6,violation,1.0,True,0,10,"[1, 1, 1, 1, 1, 1, 1, 1, 1, 1]"
CASE OF UKRAYINSKYY AND OTHERS v. UKRAINE,34,violation,1.0,True,0,10,"[1, 1, 1, 1, 1, 1, 1, 1, 1, 1]"
CASE OF VANESYAN AND OTHERS v. ARMENIA,5,violation,1.0,True,0,10,"[1, 1, 1, 1, 1, 1, 1, 1, 1, 1]"
CASE OF DZYON v. UKRAINE,2,violation,1.1,True,0,10,"[1, 1, 1, 1, 2, 1, 1, 1, 1, 1]"
CASE OF D.M. v. SWEDEN,3,violation,1.0,True,0,10,"[1, 1, 1, 1, 1, 1, 1, 1, 1, 1]"
CASE OF SELIMYAN AND OTHERS v. ARMENIA,5,violation,1.0,True,0,10,"[1, 1, 1, 1, 1, 1, 1, 1, 1, 1]"
CASE OF F.B. AND OTHERS v. THE NETHERLANDS,3,no_violation,4.7,True,0,10,"[5, 5, 5, 5, 5, 5, 5, 5, 2, 5]"
CASE OF SELAMI v. GREECE,6,violation,1.0,True,0,10,"[1, 1, 1, 1, 1, 1, 1, 1, 1, 1]"
CASE OF DAMIAN v. THE REPUBLIC OF MOLDOVA,P1-1,violation,1.2,True,0,10,"[1, 1, 1, 1, 1, 1, 2, 1, 1, 2]"
CASE OF SHKUROPATSKYY AND OTHERS v. UKRAINE,13,violation,1.0,True,0,10,"[1, 1, 1, 1, 1, 1, 1, 1, 1, 1]"
CASE OF KYRYK AND GONCHAR v. UKRAINE,2,violation,1.6,True,1,10,"[1, 1, 1, 4, 2, 3, 1, 1, 1, 1]"
CASE OF R.E. AND OTHERS v. ICELAND,3,no_violation,4.4,True,1,10,"[5, 5, 1, 5, 5, 5, 5, 3, 5, 5]"
CASE OF LEOCÁDIO DE LEMOS v. PORTUGAL,5,violation,2.4,True,0,10,"[4, 2, 1, 1, 2, 2, 2, 4, 4, 2]"
CASE OF A.N. AND OTHERS v. GREECE,3,violation,1.0,True,0,10,"[1, 1, 1, 1, 1, 1, 1, 1, 1, 1]"
CASE OF GAVRYSH AND KOSYNETS v. UKRAINE,13,violation,1.4,True,2,10,"[1, 1, 3, 1, 1, 1, 1, 1, 1, 3]"
CASE OF GAHRAMAN v. AZERBAIJAN,6,violation,1.0,True,0,10,"[1, 1, 1, 1, 1, 1, 1, 1, 1, 1]"
CASE OF BORZENKOV AND OTHERS v. RUSSIA,11,violation,3.4,False,0,10,"[1, 5, 5, 5, 5, 1, 5, 1, 5, 1]"
CASE OF LUKASHUK v. UKRAINE,3,violation,1.0,True,0,10,"[1, 1, 1, 1, 1, 1, 1, 1, 1, 1]"
CASE OF Z v. ICELAND,8,violation,1.0,True,0,10,"[1, 1, 1, 1, 1, 1, 1, 1, 1, 1]"
CASE OF ZUBCO AND OTHERS v. THE REPUBLIC OF MOLDOVA AND RUSSIA,10,violation,1.0,True,0,10,"[1, 1, 1, 1, 1, 1, 1, 1, 1, 1]"
CASE OF REMEZ v. UKRAINE,3,violation,1.0,True,0,10,"[1, 1, 1, 1, 1, 1, 1, 1, 1, 1]"
CASE OF ZUBCO AND OTHERS v. THE REPUBLIC OF MOLDOVA AND RUSSIA,3,violation,2.5,True,3,10,"[1, 1, 5, 2, 3, 1, 3, 1, 3, 5]"
CASE OF K.A. v. AUSTRIA,5,no_violation,4.6,True,0,10,"[4, 5, 5, 5, 5, 4, 5, 4, 4, 5]"
CASE OF MARTYNOVSKIY v. UKRAINE,6,violation,1.1,True,0,10,"[1, 1, 1, 1, 1, 1, 1, 1, 2, 1]"
CASE OF GATSKO AND PANOV v. UKRAINE,11,violation,1.0,True,0,10,"[1, 1, 1, 1, 1, 1, 1, 1, 1, 1]"
CASE OF SIMONCINI v. SAN MARINO,8,violation,1.0,True,0,10,"[1, 1, 1, 1, 1, 1, 1, 1, 1, 1]"
CASE OF KHOMAN v. UKRAINE,2,violation,1.0,True,0,10,"[1, 1, 1, 1, 1, 1, 1, 1, 1, 1]"
CASE OF FELEMEZ AND OTHERS v. TÜRKİYE,6,violation,1.0,True,0,10,"[1, 1, 1, 1, 1, 1, 1, 1, 1, 1]"
CASE OF LEVCHENKO v. UKRAINE,P1-1,violation,1.0,True,0,10,"[1, 1, 1, 1, 1, 1, 1, 1, 1, 1]"
CASE OF KOVALEVSKYY v. UKRAINE,5,violation,1.0,True,0,10,"[1, 1, 1, 1, 1, 1, 1, 1, 1, 1]"
CASE OF STALOVIĆ v. SERBIA,3,violation,1.1,True,0,10,"[1, 1, 1, 2, 1, 1, 1, 1, 1, 1]"
CASE OF KIS AND LEVCHUK v. UKRAINE,14,violation,1.1,True,0,10,"[1, 1, 1, 1, 1, 1, 1, 2, 1, 1]"
CASE OF MUSINA AND OTHERS v. UKRAINE,2,violation,1.0,True,0,10,"[1, 1, 1, 1, 1, 1, 1, 1, 1, 1]"
CASE OF SIMONCINI v. SAN MARINO,6,violation,1.8,True,0,10,"[4, 1, 2, 2, 2, 1, 2, 2, 1, 1]"
CASE OF VYKHOR v. UKRAINE,8,violation,1.0,True,0,10,"[1, 1, 1, 1, 1, 1, 1, 1, 1, 1]"
CASE OF R.E. AND OTHERS v. ICELAND,14,no_violation,5.0,True,0,10,"[5, 5, 5, 5, 5, 5, 5, 5, 5, 5]"
CASE OF BEGIĆ v. BOSNIA AND HERZEGOVINA,41,violation,1.0,True,0,10,"[1, 1, 1, 1, 1, 1, 1, 1, 1, 1]"
CASE OF NOVÁK v. THE CZECH REPUBLIC,8,violation,1.0,True,0,10,"[1, 1, 1, 1, 1, 1, 1, 1, 1, 1]"
CASE OF MOGYLA AND OTHERS v. UKRAINE,6,violation,1.0,True,0,10,"[1, 1, 1, 1, 1, 1, 1, 1, 1, 1]"
CASE OF ROMANI AND CANCELLI v. ITALY,2,violation,1.2,True,0,10,"[1, 1, 2, 1, 1, 1, 1, 1, 1, 2]"
CASE OF USATYUK v. UKRAINE,5,violation,1.0,True,0,10,"[1, 1, 1, 1, 1, 1, 1, 1, 1, 1]"
CASE OF ISMAYILOVA v. AZERBAIJAN,P4-2,violation,1.0,True,0,10,"[1, 1, 1, 1, 1, 1, 1, 1, 1, 1]"
CASE OF GAZIN v. UKRAINE,8,violation,1.0,True,0,10,"[1, 1, 1, 1, 1, 1, 1, 1, 1, 1]"
CASE OF NIKITIN v. ESTONIA,8,violation,3.2,False,2,10,"[5, 2, 2, 3, 2, 5, 3, 4, 2, 4]"
CASE OF GAZSÓ v. HUNGARY,6,violation,1.0,True,0,10,"[1, 1, 1, 1, 1, 1, 1, 1, 1, 1]"
CASE OF MICLEA v. ROMANIA,3,violation,1.0,True,0,10,"[1, 1, 1, 1, 1, 1, 1, 1, 1, 1]"
"CASE OF PSMA, SPOL. S R.O. v. SLOVAKIA",6,violation,1.0,True,0,10,"[1, 1, 1, 1, 1, 1, 1, 1, 1, 1]"
CASE OF KOVÁROVÁ v. SLOVAKIA,6,violation,1.0,True,0,10,"[1, 1, 1, 1, 1, 1, 1, 1, 1, 1]"
CASE OF K.F. v. CYPRUS,P4-4,no_violation,3.0,False,1,10,"[5, 1, 5, 5, 3, 1, 2, 2, 5, 1]"
AFFAIRE SANTOS SILVA c. PORTUGAL,6,violation,1.0,True,0,10,"[1, 1, 1, 1, 1, 1, 1, 1, 1, 1]"
CASE OF PENTIKÄINEN v. FINLAND,10,no_violation,5.0,True,0,10,"[5, 5, 5, 5, 5, 5, 5, 5, 5, 5]"
CASE OF LUNEV v. UKRAINE,34,no_violation,1.5,False,0,10,"[1, 2, 1, 1, 1, 5, 1, 1, 1, 1]"
"CASE OF ANDONOVSKI v. ""THE FORMER YUGOSLAV REPUBLIC OF MACEDONIA""",3,violation,1.0,True,0,10,"[1, 1, 1, 1, 1, 1, 1, 1, 1, 1]"
CASE OF A.K. v. LIECHTENSTEIN,6,violation,1.0,True,0,10,"[1, 1, 1, 1, 1, 1, 1, 1, 1, 1]"
CASE OF G.S.B. v. SWITZERLAND,14,no_violation,4.8,True,0,10,"[4, 5, 5, 5, 5, 5, 5, 4, 5, 5]"
CASE OF LAMBERT AND OTHERS v. FRANCE,2,no_violation,5.0,True,0,10,"[5, 5, 5, 5, 5, 5, 5, 5, 5, 5]"
CASE OF YEGOROV v. SLOVAKIA,5,violation,1.0,True,0,10,"[1, 1, 1, 1, 1, 1, 1, 1, 1, 1]"
CASE OF MILIĆ AND NIKEZIĆ v. MONTENEGRO,3,violation,1.0,True,0,10,"[1, 1, 1, 1, 1, 1, 1, 1, 1, 1]"
CASE OF A.V. v. UKRAINE,3,no_violation,1.0,False,0,10,"[1, 1, 1, 1, 1, 1, 1, 1, 1, 1]"
CASE OF IUSTIN ROBERTINO MICU v. ROMANIA,3,violation,1.0,True,0,10,"[1, 1, 1, 1, 1, 1, 1, 1, 1, 1]"
CASE OF M.N. AND OTHERS v. SAN MARINO,8,violation,1.0,True,0,10,"[1, 1, 1, 1, 1, 1, 1, 1, 1, 1]"
CASE OF NIKOLIĆ v. CROATIA,2,no_violation,4.8,True,0,10,"[5, 4, 5, 5, 5, 4, 5, 5, 5, 5]"
CASE OF MILENKOVIĆ AND VELJKOVIĆ v. SERBIA,6,violation,1.0,True,0,10,"[1, 1, 1, 1, 1, 1, 1, 1, 1, 1]"
AFFAIRE SANTOS SILVA c. PORTUGAL,13,violation,1.0,True,0,10,"[1, 1, 1, 1, 1, 1, 1, 1, 1, 1]"
CASE OF PRILUTSKIY v. UKRAINE,2,no_violation,4.6,True,0,10,"[5, 5, 5, 5, 5, 5, 5, 1, 5, 5]"
CASE OF RINAS v. FINLAND,P7-4,violation,1.0,True,0,10,"[1, 1, 1, 1, 1, 1, 1, 1, 1, 1]"
CASE OF QING v. PORTUGAL,14,no_violation,5.0,True,0,10,"[5, 5, 5, 5, 5, 5, 5, 5, 5, 5]"
CASE OF ALVES v. PORTUGAL,6,violation,3.5,False,1,10,"[1, 5, 5, 1, 5, 5, 4, 5, 1, 3]"
CASE OF TEMCHENKO v. UKRAINE,34,no_violation,3.4,True,0,10,"[5, 1, 5, 5, 5, 1, 5, 5, 1, 1]"
CASE OF GAZSÓ v. HUNGARY,13,violation,1.0,True,0,10,"[1, 1, 1, 1, 1, 1, 1, 1, 1, 1]"
CASE OF VAMVAKAS v. GREECE (No. 2),6,violation,1.0,True,0,10,"[1, 1, 1, 1, 1, 1, 1, 1, 1, 1]"
CASE OF METALLA AND OTHERS v. ALBANIA,6,violation,1.0,True,0,10,"[1, 1, 1, 1, 1, 1, 1, 1, 1, 1]"
CASE OF KOROŠEC v. SLOVENIA,6,violation,1.0,True,0,10,"[1, 1, 1, 1, 1, 1, 1, 1, 1, 1]"
CASE OF KRISTIANSEN v. NORWAY,6,violation,1.0,True,0,10,"[1, 1, 1, 1, 1, 1, 1, 1, 1, 1]"
CASE OF MYUMYUN v. BULGARIA,3,violation,1.0,True,0,10,"[1, 1, 1, 1, 1, 1, 1, 1, 1, 1]"
CASE OF KIIVERI v. FINLAND,P7-4,violation,1.0,True,0,10,"[1, 1, 1, 1, 1, 1, 1, 1, 1, 1]"
CASE OF NALBANDYAN v. ARMENIA,3,violation,1.0,True,0,10,"[1, 1, 1, 1, 1, 1, 1, 1, 1, 1]"
CASE OF TATAR v. SWITZERLAND,2,no_violation,5.0,True,0,10,"[5, 5, 5, 5, 5, 5, 5, 5, 5, 5]"
CASE OF A.T. v. LUXEMBOURG,6,violation,1.0,True,0,10,"[1, 1, 1, 1, 1, 1, 1, 1, 1, 1]"
CASE OF A.K. v. LIECHTENSTEIN,41,violation,1.4,True,0,10,"[1, 1, 5, 1, 1, 1, 1, 1, 1, 1]"
CASE OF BERLAND v. FRANCE,7,no_violation,4.4,True,0,10,"[5, 4, 4, 5, 5, 5, 4, 4, 4, 4]"
CASE OF ELBERTE v. LATVIA,3,violation,4.7,False,0,10,"[2, 5, 5, 5, 5, 5, 5, 5, 5, 5]"
CASE OF SATAKUNNAN MARKKINAPORSSI OY AND SATAMEDIA OY v. FINLAND,6,violation,1.1,True,0,10,"[1, 1, 1, 1, 1, 2, 1, 1, 1, 1]"
CASE OF GASIMLI AND OTHERS v. AZERBAIJAN,P1-3,violation,1.0,True,0,10,"[1, 1, 1, 1, 1, 1, 1, 1, 1, 1]"
CASE OF BLESA RODRÍGUEZ v. SPAIN,6,violation,1.0,True,0,10,"[1, 1, 1, 1, 1, 1, 1, 1, 1, 1]"
CASE OF FURMAN v. SLOVENIA AND AUSTRIA,8,violation,1.2,True,0,10,"[1, 1, 1, 1, 2, 1, 2, 1, 1, 1]"
CASE OF CARAIAN v. ROMANIA,6,violation,1.0,True,0,10,"[1, 1, 1, 1, 1, 1, 1, 1, 1, 1]"
CASE OF TOLMACHEV v. ESTONIA,6,violation,2.1,True,0,10,"[2, 2, 2, 1, 2, 2, 2, 2, 2, 4]"
CASE OF OLIARI AND OTHERS v. ITALY,8,violation,1.0,True,0,10,"[1, 1, 1, 1, 1, 1, 1, 1, 1, 1]"
CASE OF ROHLENA v. THE CZECH REPUBLIC,7,no_violation,5.0,True,0,10,"[5, 5, 5, 5, 5, 5, 5, 5, 5, 5]"
CASE OF LHERMITTE v. BELGIUM,6,no_violation,1.5,False,0,10,"[1, 1, 1, 2, 1, 4, 2, 1, 1, 1]"
CASE OF FERREIRA ALVES v. PORTUGAL,13,violation,1.0,True,0,10,"[1, 1, 1, 1, 1, 1, 1, 1, 1, 1]"
CASE OF LJAJIĆ v. SERBIA,P1-1,violation,1.0,True,0,10,"[1, 1, 1, 1, 1, 1, 1, 1, 1, 1]"
CASE OF MEIMANIS v. LATVIA,13,no_violation,1.0,False,0,10,"[1, 1, 1, 1, 1, 1, 1, 1, 1, 1]"
CASE OF KAGIROV v. RUSSIA,38,no_violation,1.9,False,0,10,"[5, 5, 2, 1, 1, 1, 1, 1, 1, 1]"
CASE OF BUJKOVIĆ v. MONTENEGRO,6,violation,1.0,True,0,10,"[1, 1, 1, 1, 1, 1, 1, 1, 1, 1]"
CASE OF ŠABLIJ v. SLOVAKIA,5,violation,1.0,True,0,10,"[1, 1, 1, 1, 1, 1, 1, 1, 1, 1]"
CASE OF BOUYID v. BELGIUM,3,violation,1.0,True,0,10,"[1, 1, 1, 1, 1, 1, 1, 1, 1, 1]"
CASE OF NASSR ALLAH v. LATVIA,5,no_violation,1.8,False,0,10,"[1, 1, 5, 1, 1, 1, 1, 5, 1, 1]"
CASE OF VROUNTOU v. CYPRUS,13,violation,4.7,False,0,10,"[4, 4, 5, 5, 5, 4, 5, 5, 5, 5]"
CASE OF JOVIČIĆ AND OTHERS v. SERBIA,P1-1,violation,1.0,True,0,10,"[1, 1, 1, 1, 1, 1, 1, 1, 1, 1]"
CASE OF M.S. v. CROATIA (No. 2),5,violation,1.3,True,0,10,"[1, 2, 1, 1, 1, 2, 1, 1, 1, 2]"
CASE OF V.M. AND OTHERS v. BELGIUM,2,no_violation,5.0,True,0,10,"[5, 5, 5, 5, 5, 5, 5, 5, 5, 5]"
CASE OF VOLOVOD v. UKRAINE,2,no_violation,4.1,True,0,10,"[1, 5, 5, 5, 5, 5, 1, 5, 5, 4]"
CASE OF MASLÁK AND OTHERS v. SLOVAKIA,5,violation,1.0,True,0,10,"[1, 1, 1, 1, 1, 1, 1, 1, 1, 1]"
CASE OF BEKERMAN v. LIECHTENSTEIN,6,violation,1.2,True,1,10,"[1, 3, 1, 1, 1, 1, 1, 1, 1, 1]"
CASE OF SATAKUNNAN MARKKINAPORSSI OY AND SATAMEDIA OY v. FINLAND,10,no_violation,4.5,True,0,10,"[5, 4, 5, 5, 5, 5, 5, 5, 5, 1]"
CASE OF CATALINA FILIP v. ROMANIA,2,violation,1.0,True,0,10,"[1, 1, 1, 1, 1, 1, 1, 1, 1, 1]"
CASE OF BOTEZATU v. THE REPUBLIC OF MOLDOVA,P1-1,violation,1.0,True,0,10,"[1, 1, 1, 1, 1, 1, 1, 1, 1, 1]"
CASE OF VÉKONY v. HUNGARY,P1-1,violation,4.2,False,0,10,"[5, 4, 4, 4, 5, 5, 4, 1, 5, 5]"
CASE OF BIMURADOVA v. RUSSIA,3,no_violation,1.7,False,1,10,"[1, 2, 1, 3, 1, 5, 1, 1, 1, 1]"
CASE OF M.A. v. AUSTRIA,8,violation,1.9,True,1,10,"[4, 1, 2, 1, 3, 4, 1, 1, 1, 1]"
CASE OF R.B.A.B. AND OTHERS v. THE NETHERLANDS,3,no_violation,5.0,True,0,10,"[5, 5, 5, 5, 5, 5, 5, 5, 5, 5]"
CASE OF RUBAN v. UKRAINE,7,no_violation,5.0,True,0,10,"[5, 5, 5, 5, 5, 5, 5, 5, 5, 5]"
CASE OF MANUCHARYAN v. ARMENIA,6,violation,1.0,True,0,10,"[1, 1, 1, 1, 1, 1, 1, 1, 1, 1]"
CASE OF KALDA v. ESTONIA,41,violation,2.2,True,0,10,"[1, 5, 1, 1, 1, 1, 1, 1, 5, 5]"
CASE OF EL GHATET v. SWITZERLAND,8,violation,1.3,True,0,10,"[1, 4, 1, 1, 1, 1, 1, 1, 1, 1]"
CASE OF HALIMI AND OTHERS v. ALBANIA,P1-1,violation,1.0,True,0,10,"[1, 1, 1, 1, 1, 1, 1, 1, 1, 1]"
CASE OF A.K. v. LIECHTENSTEIN (No. 2),6,violation,1.4,True,1,10,"[1, 1, 1, 3, 2, 1, 1, 1, 1, 2]"
CASE OF AL-DULIMI AND MONTANA MANAGEMENT INC. v. SWITZERLAND,6,violation,1.0,True,0,10,"[1, 1, 1, 1, 1, 1, 1, 1, 1, 1]"
CASE OF MIKHNO v. UKRAINE,2,no_violation,1.0,False,0,10,"[1, 1, 1, 1, 1, 1, 1, 1, 1, 1]"
"CASE OF SULEJMANI v. ""THE FORMER YUGOSLAV REPUBLIC OF MACEDONIA""",P1-1,no_violation,1.0,False,0,10,"[1, 1, 1, 1, 1, 1, 1, 1, 1, 1]"
CASE OF OTGON v. THE REPUBLIC OF MOLDOVA,8,violation,1.0,True,0,10,"[1, 1, 1, 1, 1, 1, 1, 1, 1, 1]"
CASE OF MILOJEVIĆ AND OTHERS v. SERBIA,6,violation,1.0,True,0,10,"[1, 1, 1, 1, 1, 1, 1, 1, 1, 1]"
CASE OF SVITLANA ATAMANYUK AND OTHERS v. UKRAINE,2,no_violation,1.0,False,0,10,"[1, 1, 1, 1, 1, 1, 1, 1, 1, 1]"
CASE OF NAKU v. LITHUANIA AND SWEDEN,6,violation,1.0,True,0,10,"[1, 1, 1, 1, 1, 1, 1, 1, 1, 1]"
CASE OF ADAM v. SLOVAKIA,3,no_violation,1.3,False,0,10,"[1, 1, 1, 1, 1, 1, 1, 1, 4, 1]"
CASE OF ÖZÇELİK v. THE NETHERLANDS,5,violation,1.0,True,0,10,"[1, 1, 1, 1, 1, 1, 1, 1, 1, 1]"
CASE OF ŽEKONIENĖ v. LITHUANIA,5,no_violation,1.9,False,0,10,"[2, 1, 2, 4, 1, 4, 1, 2, 1, 1]"
CASE OF MOOG v. GERMANY,8,no_violation,2.3,False,0,10,"[2, 2, 1, 5, 1, 1, 1, 1, 5, 4]"
CASE OF GALAIDA AND COPOSCIU v. THE REPUBLIC OF MOLDOVA,3,violation,1.0,True,0,10,"[1, 1, 1, 1, 1, 1, 1, 1, 1, 1]"
CASE OF SAGVOLDEN v. NORWAY,6,no_violation,4.9,True,0,10,"[5, 4, 5, 5, 5, 5, 5, 5, 5, 5]"
CASE OF TCHANKOTADZE v. GEORGIA,6,violation,1.9,True,0,10,"[2, 1, 1, 1, 1, 1, 4, 2, 4, 2]"
CASE OF WENNER v. GERMANY,3,violation,1.0,True,0,10,"[1, 1, 1, 1, 1, 1, 1, 1, 1, 1]"
CASE OF JOHANSEN v. GERMANY,6,no_violation,2.5,False,1,10,"[2, 2, 4, 2, 2, 2, 2, 4, 2, 3]"
CASE OF QERIMI AND CANAJ v. ALBANIA,P1-1,violation,1.0,True,0,10,"[1, 1, 1, 1, 1, 1, 1, 1, 1, 1]"
CASE OF LINDSTRAND PARTNERS ADVOKATBYRÅ AB v. SWEDEN,13,violation,3.0,False,1,10,"[1, 5, 5, 5, 2, 5, 3, 1, 1, 2]"
CASE OF ABDI MAHAMUD v. MALTA,3,violation,1.0,True,0,10,"[1, 1, 1, 1, 1, 1, 1, 1, 1, 1]"
CASE OF SVYSTORUK v. UKRAINE,2,violation,1.0,True,0,10,"[1, 1, 1, 1, 1, 1, 1, 1, 1, 1]"
CASE OF MEIER v. SWITZERLAND,4,no_violation,5.0,True,0,10,"[5, 5, 5, 5, 5, 5, 5, 5, 5, 5]"
CASE OF KLEUTIN v. UKRAINE,3,no_violation,1.5,False,0,10,"[1, 1, 5, 1, 1, 1, 2, 1, 1, 1]"
CASE OF VUKOTA-BOJIC v. SWITZERLAND,6,no_violation,4.1,True,0,10,"[1, 5, 1, 5, 5, 5, 5, 5, 5, 4]"
CASE OF GEOTECH KANCEV GMBH v. GERMANY,P1-1,no_violation,5.0,True,0,10,"[5, 5, 5, 5, 5, 5, 5, 5, 5, 5]"
CASE OF M.R.A. AND OTHERS v. THE NETHERLANDS,3,no_violation,5.0,True,0,10,"[5, 5, 5, 5, 5, 5, 5, 5, 5, 5]"
CASE OF COLLOREDO MANNSFELD v. THE CZECH REPUBLIC,6,violation,1.1,True,0,10,"[1, 1, 1, 1, 1, 2, 1, 1, 1, 1]"
CASE OF BALAJEVS v. LATVIA,3,violation,1.0,True,0,10,"[1, 1, 1, 1, 1, 1, 1, 1, 1, 1]"
CASE OF VAŠČENKOVS v. LATVIA,5,violation,1.0,True,0,10,"[1, 1, 1, 1, 1, 1, 1, 1, 1, 1]"
CASE OF CUNHA MARTINS DA SILVA COUTO v. PORTUGAL,13,violation,1.0,True,0,10,"[1, 1, 1, 1, 1, 1, 1, 1, 1, 1]"
CASE OF SAGVOLDEN v. NORWAY,8,no_violation,5.0,True,0,10,"[5, 5, 5, 5, 5, 5, 5, 5, 5, 5]"
CASE OF MORARI v. THE REPUBLIC OF MOLDOVA,6,violation,1.0,True,0,10,"[1, 1, 1, 1, 1, 1, 1, 1, 1, 1]"
CASE OF TOPALLAJ v. ALBANIA,13,violation,1.0,True,0,10,"[1, 1, 1, 1, 1, 1, 1, 1, 1, 1]"
CASE OF B.A.C. v. GREECE [Extracts],13,violation,1.0,True,0,10,"[1, 1, 1, 1, 1, 1, 1, 1, 1, 1]"
CASE OF SINDELY v. HUNGARY,6,violation,1.0,True,0,10,"[1, 1, 1, 1, 1, 1, 1, 1, 1, 1]"
CASE OF JOVANOVIĆ v. SERBIA,P1-1,violation,1.0,True,0,10,"[1, 1, 1, 1, 1, 1, 1, 1, 1, 1]"
CASE OF PUGŽLYS v. POLAND,3,violation,1.0,True,0,10,"[1, 1, 1, 1, 1, 1, 1, 1, 1, 1]"
CASE OF MIHHAILOV v. ESTONIA,3,violation,1.0,True,0,10,"[1, 1, 1, 1, 1, 1, 1, 1, 1, 1]"
CASE OF A.K. v. LIECHTENSTEIN (No. 2),13,violation,3.2,False,1,10,"[4, 1, 4, 4, 4, 2, 2, 4, 3, 4]"
CASE OF PAPOSHVILI v. BELGIUM,3,violation,1.0,True,0,10,"[1, 1, 1, 1, 1, 1, 1, 1, 1, 1]"
CASE OF ARMANI DA SILVA v. THE UNITED KINGDOM,2,no_violation,5.0,True,0,10,"[5, 5, 5, 5, 5, 5, 5, 5, 5, 5]"
CASE OF ŠILOVIĆ v. SERBIA,6,violation,1.0,True,0,10,"[1, 1, 1, 1, 1, 1, 1, 1, 1, 1]"
CASE OF GORYAYEVA v. UKRAINE,2,violation,1.0,True,0,10,"[1, 1, 1, 1, 1, 1, 1, 1, 1, 1]"
CASE OF KULYK v. UKRAINE,34,no_violation,2.8,False,1,10,"[2, 2, 4, 4, 2, 3, 1, 5, 1, 4]"
CASE OF SALIKHOVA AND MAGOMEDOVA v. RUSSIA,2,no_violation,1.0,False,0,10,"[1, 1, 1, 1, 1, 1, 1, 1, 1, 1]"
CASE OF SOUSA GOUCHA v. PORTUGAL,14,no_violation,4.9,True,0,10,"[5, 4, 5, 5, 5, 5, 5, 5, 5, 5]"
CASE OF PETSCHULIES v. GERMANY,5,no_violation,3.9,True,0,10,"[5, 1, 2, 5, 1, 5, 5, 5, 5, 5]"
CASE OF GUK v. UKRAINE,34,no_violation,3.8,True,2,10,"[4, 4, 5, 2, 5, 3, 5, 5, 3, 2]"
CASE OF KIRIL ZLATKOV NIKOLOV v. FRANCE,5,no_violation,4.0,True,2,10,"[3, 5, 5, 5, 5, 3, 5, 4, 1, 4]"
CASE OF CANO MOYA v. SPAIN,41,violation,3.4,False,0,10,"[5, 5, 1, 5, 4, 5, 2, 1, 1, 5]"
CASE OF M.R.A. AND OTHERS v. THE NETHERLANDS,13,no_violation,5.0,True,0,10,"[5, 5, 5, 5, 5, 5, 5, 5, 5, 5]"
CASE OF SETON v. THE UNITED KINGDOM,6,no_violation,4.1,True,0,10,"[4, 4, 4, 5, 4, 4, 4, 4, 4, 4]"
CASE OF HALIMI AND OTHERS v. ALBANIA,6,violation,1.0,True,0,10,"[1, 1, 1, 1, 1, 1, 1, 1, 1, 1]"
CASE OF GYULEVA v. BULGARIA,6,violation,1.0,True,0,10,"[1, 1, 1, 1, 1, 1, 1, 1, 1, 1]"
CASE OF MENÉNDEZ GARCÍA AND ÁLVAREZ GONZÁLEZ v. SPAIN,6,violation,1.0,True,0,10,"[1, 1, 1, 1, 1, 1, 1, 1, 1, 1]"
CASE OF FÜRST-PFEIFER v. AUSTRIA,8,no_violation,4.9,True,0,10,"[4, 5, 5, 5, 5, 5, 5, 5, 5, 5]"
CASE OF KRAHULEC v. SLOVAKIA,P1-1,violation,1.0,True,0,10,"[1, 1, 1, 1, 1, 1, 1, 1, 1, 1]"
CASE OF TUCHIN AND TUCHINA v. UKRAINE,2,violation,1.0,True,0,10,"[1, 1, 1, 1, 1, 1, 1, 1, 1, 1]"
CASE OF SOARES v. PORTUGAL,10,no_violation,5.0,True,0,10,"[5, 5, 5, 5, 5, 5, 5, 5, 5, 5]"
CASE OF BĂRBULESCU v. ROMANIA,8,no_violation,2.7,False,0,10,"[1, 1, 5, 5, 1, 4, 1, 1, 4, 4]"
CASE OF NAIT-LIMAN v. SWITZERLAND,6,no_violation,3.2,True,0,10,"[4, 2, 5, 5, 2, 2, 1, 5, 5, 1]"
CASE OF E.S. v. ROMANIA AND BULGARIA,8,violation,1.6,True,1,10,"[1, 1, 1, 1, 4, 3, 2, 1, 1, 1]"
CASE OF JURIŠIĆ v. CROATIA (No. 2),8,no_violation,3.4,True,0,10,"[1, 5, 5, 1, 5, 5, 5, 5, 1, 1]"
CASE OF NADDUR v. THE REPUBLIC OF MOLDOVA,6,violation,1.0,True,0,10,"[1, 1, 1, 1, 1, 1, 1, 1, 1, 1]"
CASE OF A.L. AND OTHERS v. NORWAY,8,violation,1.0,True,0,10,"[1, 1, 1, 1, 1, 1, 1, 1, 1, 1]"
CASE OF CHAKVETADZE v. GEORGIA,6,violation,1.0,True,0,10,"[1, 1, 1, 1, 1, 1, 1, 1, 1, 1]"
CASE OF VOOL AND TOOMIK v. ESTONIA,14,violation,1.0,True,0,10,"[1, 1, 1, 1, 1, 1, 1, 1, 1, 1]"
CASE OF DRELON v. FRANCE,8,violation,1.0,True,0,10,"[1, 1, 1, 1, 1, 1, 1, 1, 1, 1]"
CASE OF GHERARDI MARTIRI v. SAN MARINO,6,violation,1.4,True,0,10,"[1, 2, 4, 1, 1, 1, 1, 1, 1, 1]"
CASE OF THEO NATIONAL CONSTRUCT S.R.L. v. THE REPUBLIC OF MOLDOVA,P1-1,violation,1.0,True,0,10,"[1, 1, 1, 1, 1, 1, 1, 1, 1, 1]"
CASE OF ALLELEH AND OTHERS v. NORWAY,8,no_violation,5.0,True,0,10,"[5, 5, 5, 5, 5, 5, 5, 5, 5, 5]"
CASE OF HRNČIĆ v. CROATIA,3,violation,1.0,True,0,10,"[1, 1, 1, 1, 1, 1, 1, 1, 1, 1]"
CASE OF VLASENKO v. UKRAINE,8,violation,1.0,True,0,10,"[1, 1, 1, 1, 1, 1, 1, 1, 1, 1]"
CASE OF ILYIN AND OTHERS v. UKRAINE,9,no_violation,4.5,True,0,10,"[5, 5, 5, 5, 5, 5, 1, 4, 5, 5]"
CASE OF MICKOVSKI v. NORTH MACEDONIA,P1-1,no_violation,4.3,True,1,10,"[5, 5, 1, 5, 5, 3, 5, 5, 4, 5]"
CASE OF P.H. v. SLOVAKIA,2,violation,1.0,True,0,10,"[1, 1, 1, 1, 1, 1, 1, 1, 1, 1]"
CASE OF PERSPEKTYVNYY v. UKRAINE,3,violation,1.0,True,0,10,"[1, 1, 1, 1, 1, 1, 1, 1, 1, 1]"
CASE OF COMMUNAUTÉ GENEVOISE D'ACTION SYNDICALE (CGAS) v. SWITZERLAND,11,violation,1.2,True,1,10,"[1, 1, 1, 1, 1, 1, 1, 3, 1, 1]"
CASE OF COSOVAN v. THE REPUBLIC OF MOLDOVA,5,violation,1.1,True,0,10,"[1, 1, 1, 1, 1, 1, 1, 1, 1, 2]"
CASE OF DE LEGÉ v. THE NETHERLANDS,6,no_violation,5.0,True,0,10,"[5, 5, 5, 5, 5, 5, 5, 5, 5, 5]"
CASE OF FOUTAS ARISTIDOU v. CYPRUS,6,violation,1.0,True,0,10,"[1, 1, 1, 1, 1, 1, 1, 1, 1, 1]"
CASE OF GERASYUTIN AND OTHERS v. UKRAINE,13,violation,1.0,True,0,10,"[1, 1, 1, 1, 1, 1, 1, 1, 1, 1]"
CASE OF KRYUK v. UKRAINE,5,violation,1.0,True,0,10,"[1, 1, 1, 1, 1, 1, 1, 1, 1, 1]"
CASE OF DAHMAN BENDHIMAN v. SPAIN,6,no_violation,4.3,True,0,10,"[4, 5, 5, 1, 4, 4, 5, 5, 5, 5]"
CASE OF SUSLOV v. UKRAINE,34,violation,1.7,True,0,10,"[1, 2, 1, 1, 1, 2, 5, 2, 1, 1]"
CASE OF GHERARDI MARTIRI v. SAN MARINO,P1-1,no_violation,1.0,False,0,10,"[1, 1, 1, 1, 1, 1, 1, 1, 1, 1]"
CASE OF LUKOŠIN v. LITHUANIA,3,violation,1.0,True,0,10,"[1, 1, 1, 1, 1, 1, 1, 1, 1, 1]"
CASE OF ELMAZOVA AND OTHERS v. NORTH MACEDONIA,14,violation,1.0,True,0,10,"[1, 1, 1, 1, 1, 1, 1, 1, 1, 1]"
CASE OF BJARKI H. DIEGO v. ICELAND,6,no_violation,1.1,False,0,10,"[1, 1, 1, 2, 1, 1, 1, 1, 1, 1]"
"CASE OF FU QUAN, S.R.O. v. THE CZECH REPUBLIC",P1-1,violation,1.2,True,0,10,"[1, 1, 1, 1, 2, 1, 2, 1, 1, 1]"
CASE OF E.M. AND OTHERS v. NORWAY,8,no_violation,4.6,True,0,10,"[5, 5, 5, 5, 5, 5, 5, 5, 1, 5]"
CASE OF PEJŘILOVÁ v. THE CZECH REPUBLIC,8,no_violation,4.9,True,0,10,"[4, 5, 5, 5, 5, 5, 5, 5, 5, 5]"
CASE OF BARTUS AND OTHERS v. HUNGARY,6,violation,1.0,True,0,10,"[1, 1, 1, 1, 1, 1, 1, 1, 1, 1]"
CASE OF FERHATOVIĆ v. SLOVENIA,P1-1,violation,1.0,True,0,10,"[1, 1, 1, 1, 1, 1, 1, 1, 1, 1]"
CASE OF MARCINKEVIČIUS v. LITHUANIA,10,violation,1.0,True,0,10,"[1, 1, 1, 1, 1, 1, 1, 1, 1, 1]"
CASE OF LINGS v. DENMARK,10,no_violation,5.0,True,0,10,"[5, 5, 5, 5, 5, 5, 5, 5, 5, 5]"
CASE OF MUHAMMAD v. SPAIN,14,no_violation,4.5,True,1,10,"[5, 3, 5, 5, 4, 5, 4, 5, 5, 4]"
CASE OF FISCHER v. THE CZECH REPUBLIC,6,no_violation,3.4,True,0,10,"[1, 2, 4, 1, 5, 5, 5, 5, 1, 5]"
CASE OF D.S. AND OTHERS v. HUNGARY,5,violation,1.0,True,0,10,"[1, 1, 1, 1, 1, 1, 1, 1, 1, 1]"
CASE OF A AND B v. GEORGIA,14,violation,1.0,True,0,10,"[1, 1, 1, 1, 1, 1, 1, 1, 1, 1]"
CASE OF P.C. v. IRELAND,14,no_violation,5.0,True,0,10,"[5, 5, 5, 5, 5, 5, 5, 5, 5, 5]"
CASE OF VEGOTEX INTERNATIONAL S.A. v. BELGIUM,41,violation,2.7,True,0,10,"[1, 1, 5, 5, 1, 1, 2, 1, 5, 5]"
CASE OF DOLENC v. SLOVENIA,6,violation,1.0,True,0,10,"[1, 1, 1, 1, 1, 1, 1, 1, 1, 1]"
CASE OF KHUREN-OOL AND OTHERS v. RUSSIA,8,violation,1.0,True,0,10,"[1, 1, 1, 1, 1, 1, 1, 1, 1, 1]"
CASE OF RAZGON AND OTHERS v. RUSSIA,5,violation,1.5,True,0,10,"[1, 1, 1, 1, 1, 1, 2, 5, 1, 1]"
CASE OF HOVHANNISYAN AND NAZARYAN v. ARMENIA,2,violation,1.0,True,0,10,"[1, 1, 1, 1, 1, 1, 1, 1, 1, 1]"
CASE OF GLOVELI v. GEORGIA,6,violation,1.0,True,0,10,"[1, 1, 1, 1, 1, 1, 1, 1, 1, 1]"
CASE OF COMMUNAUTÉ GENEVOISE D'ACTION SYNDICALE (CGAS) v. SWITZERLAND,41,violation,1.0,True,0,10,"[1, 1, 1, 1, 1, 1, 1, 1, 1, 1]"
CASE OF TETİK AND OTHERS v. TURKEY,P1-1,violation,1.0,True,0,10,"[1, 1, 1, 1, 1, 1, 1, 1, 1, 1]"
CASE OF ANATOLIY YEREMENKO v. UKRAINE,10,no_violation,1.0,False,0,10,"[1, 1, 1, 1, 1, 1, 1, 1, 1, 1]"
CASE OF MARINA AUCANADA GROUP S.L. v. SPAIN,6,no_violation,4.4,True,0,10,"[5, 5, 4, 5, 5, 5, 5, 1, 5, 4]"
CASE OF NADTOCHIY v. UKRAINE,P1-1,violation,1.0,True,0,10,"[1, 1, 1, 1, 1, 1, 1, 1, 1, 1]"
CASE OF M.T. AND OTHERS v. SWEDEN,14,no_violation,4.6,True,0,10,"[5, 5, 5, 4, 5, 5, 4, 5, 4, 4]"
CASE OF RADMILLI v. MALTA,P1-1,violation,1.0,True,0,10,"[1, 1, 1, 1, 1, 1, 1, 1, 1, 1]"
CASE OF BOGUTA AND TERESHCHENKO v. UKRAINE,2,violation,1.0,True,0,10,"[1, 1, 1, 1, 1, 1, 1, 1, 1, 1]"
CASE OF TB INŽINJERING D.O.O. v. BOSNIA AND HERZEGOVINA,P1-1,violation,1.0,True,0,10,"[1, 1, 1, 1, 1, 1, 1, 1, 1, 1]"
CASE OF GOULANDRIS AND VARDINOGIANNI v. GREECE,P7-4,no_violation,1.0,False,0,10,"[1, 1, 1, 1, 1, 1, 1, 1, 1, 1]"
CASE OF ATRISTAIN GOROSABEL v. SPAIN,6,violation,1.0,True,0,10,"[1, 1, 1, 1, 1, 1, 1, 1, 1, 1]"
CASE OF MORTIER v. BELGIUM,2,no_violation,1.0,False,0,10,"[1, 1, 1, 1, 1, 1, 1, 1, 1, 1]"
CASE OF BAHTIĆ v. BOSNIA AND HERZEGOVINA,6,violation,1.0,True,0,10,"[1, 1, 1, 1, 1, 1, 1, 1, 1, 1]"
CASE OF DAVTYAN v. ARMENIA,6,violation,1.0,True,0,10,"[1, 1, 1, 1, 1, 1, 1, 1, 1, 1]"
CASE OF LYSAK v. UKRAINE,P1-1,violation,1.0,True,0,10,"[1, 1, 1, 1, 1, 1, 1, 1, 1, 1]"
CASE OF A AND OTHERS v. ICELAND,8,no_violation,5.0,True,0,10,"[5, 5, 5, 5, 5, 5, 5, 5, 5, 5]"
CASE OF N.V. AND C.C. v. MALTA,8,violation,1.0,True,0,10,"[1, 1, 1, 1, 1, 1, 1, 1, 1, 1]"
CASE OF ARNAR HELGI LÁRUSSON v. ICELAND,14,no_violation,4.1,True,1,10,"[5, 5, 5, 3, 5, 1, 2, 5, 5, 5]"
CASE OF STARKEVIČ v. LITHUANIA,8,no_violation,4.7,True,0,10,"[5, 5, 5, 2, 5, 5, 5, 5, 5, 5]"
CASE OF A.M. v. NORWAY,8,no_violation,4.9,True,0,10,"[5, 5, 5, 5, 5, 5, 5, 4, 5, 5]"
CASE OF CENTROPROM HOLDING AD BEOGRAD v. MONTENEGRO,6,violation,1.0,True,0,10,"[1, 1, 1, 1, 1, 1, 1, 1, 1, 1]"
CASE OF FABBRI AND OTHERS v. SAN MARINO,6,violation,1.0,True,0,10,"[1, 1, 1, 1, 1, 1, 1, 1, 1, 1]"
CASE OF PUKHYR AND OTHERS v. UKRAINE,13,violation,1.0,True,0,10,"[1, 1, 1, 1, 1, 1, 1, 1, 1, 1]"
CASE OF OTEGI MONDRAGON AND OTHERS v. SPAIN,6,violation,1.0,True,0,10,"[1, 1, 1, 1, 1, 1, 1, 1, 1, 1]"
CASE OF GRABOVSKIY v. UKRAINE,34,no_violation,2.9,False,0,10,"[1, 1, 4, 2, 5, 5, 4, 5, 1, 1]"
CASE OF DANILCZUK v. CYPRUS,3,violation,1.0,True,0,10,"[1, 1, 1, 1, 1, 1, 1, 1, 1, 1]"
CASE OF VASILEVSKA AND BARTOŠEVIČ v. LITHUANIA,P1-1,violation,1.4,True,0,10,"[5, 1, 1, 1, 1, 1, 1, 1, 1, 1]"
CASE OF FALZON v. MALTA,10,violation,1.0,True,0,10,"[1, 1, 1, 1, 1, 1, 1, 1, 1, 1]"
CASE OF BRADSHAW AND OTHERS v. MALTA,14,no_violation,4.9,True,0,10,"[5, 5, 5, 5, 5, 5, 4, 5, 5, 5]"
CASE OF DELECOLLE v. FRANCE,12,no_violation,5.0,True,0,10,"[5, 5, 5, 5, 5, 5, 5, 5, 5, 5]"
CASE OF AGANIKYAN v. ARMENIA,6,violation,1.0,True,0,10,"[1, 1, 1, 1, 1, 1, 1, 1, 1, 1]"
CASE OF CUENCA ZARZOSO v. SPAIN,8,violation,1.0,True,0,10,"[1, 1, 1, 1, 1, 1, 1, 1, 1, 1]"
CASE OF GAFÀ v. MALTA,5,violation,1.0,True,0,10,"[1, 1, 1, 1, 1, 1, 1, 1, 1, 1]"
CASE OF BOSYY v. UKRAINE,34,no_violation,4.9,True,0,10,"[5, 5, 5, 5, 5, 5, 4, 5, 5, 5]"
CASE OF T.K. v. LITHUANIA,6,violation,1.0,True,0,10,"[1, 1, 1, 1, 1, 1, 1, 1, 1, 1]"
CASE OF M.T. v. ESTONIA,5,no_violation,4.4,True,0,10,"[5, 5, 5, 5, 5, 5, 2, 5, 2, 5]"
CASE OF BAKCHIZHOV v. UKRAINE,34,no_violation,1.6,False,0,10,"[2, 2, 1, 1, 1, 1, 5, 1, 1, 1]"
CASE OF KIN v. UKRAINE,8,violation,2.1,True,1,10,"[4, 1, 2, 2, 2, 1, 1, 1, 3, 4]"
CASE OF ILIĆ v. SERBIA,6,violation,1.0,True,0,10,"[1, 1, 1, 1, 1, 1, 1, 1, 1, 1]"
CASE OF MARTINOVIĆ v. BOSNIA AND HERZEGOVINA,P1-1,violation,1.0,True,0,10,"[1, 1, 1, 1, 1, 1, 1, 1, 1, 1]"
CASE OF ÇEKİ v. TURKEY,5,violation,1.1,True,0,10,"[1, 2, 1, 1, 1, 1, 1, 1, 1, 1]"
CASE OF GALEA AND OTHERS v. MALTA,P1-1,violation,1.0,True,0,10,"[1, 1, 1, 1, 1, 1, 1, 1, 1, 1]"
CASE OF LEONOV v. RUSSIA,8,no_violation,2.0,False,1,10,"[2, 1, 1, 5, 1, 3, 1, 4, 1, 1]"
CASE OF ANNEN v. GERMANY (No. 2),10,no_violation,5.0,True,0,10,"[5, 5, 5, 5, 5, 5, 5, 5, 5, 5]"
CASE OF KEŠELJ AND OTHERS v. MONTENEGRO,P1-1,violation,1.0,True,0,10,"[1, 1, 1, 1, 1, 1, 1, 1, 1, 1]"
CASE OF EDINA TÓTH v. HUNGARY,8,violation,1.0,True,0,10,"[1, 1, 1, 1, 1, 1, 1, 1, 1, 1]"
CASE OF SINKOVA v. UKRAINE,10,no_violation,2.0,False,0,10,"[1, 2, 1, 2, 1, 2, 1, 4, 2, 4]"
CASE OF GESTUR JÓNSSON AND RAGNAR HALLDÓR HALL v. ICELAND,7,no_violation,5.0,True,0,10,"[5, 5, 5, 5, 5, 5, 5, 5, 5, 5]"
CASE OF BONDARENKO AND OTHERS v. UKRAINE,5,violation,1.0,True,0,10,"[1, 1, 1, 1, 1, 1, 1, 1, 1, 1]"
CASE OF R. I. AND OTHERS v. ROMANIA,8,violation,1.0,True,0,10,"[1, 1, 1, 1, 1, 1, 1, 1, 1, 1]"
CASE OF O'SULLIVAN McCARTHY MUSSEL DEVELOPMENT LTD v. IRELAND,6,no_violation,4.2,True,2,10,"[4, 5, 3, 5, 4, 5, 4, 4, 3, 5]"
CASE OF S.S. v. SLOVENIA,8,no_violation,5.0,True,0,10,"[5, 5, 5, 5, 5, 5, 5, 5, 5, 5]"
CASE OF BOLDIJAR AND OTHERS v. ROMANIA,3,violation,1.0,True,0,10,"[1, 1, 1, 1, 1, 1, 1, 1, 1, 1]"
CASE OF AVISO ZETA AG v. AUSTRIA,6,violation,1.0,True,0,10,"[1, 1, 1, 1, 1, 1, 1, 1, 1, 1]"
CASE OF SANDU AND OTHERS v. THE REPUBLIC OF MOLDOVA AND RUSSIA,P1-1,no_violation,1.0,False,0,10,"[1, 1, 1, 1, 1, 1, 1, 1, 1, 1]"
CASE OF O'SULLIVAN McCARTHY MUSSEL DEVELOPMENT LTD v. IRELAND,P1-1,no_violation,4.9,True,0,10,"[5, 5, 5, 5, 5, 4, 5, 5, 5, 5]"
CASE OF JISHKARIANI v. GEORGIA,8,violation,1.0,True,0,10,"[1, 1, 1, 1, 1, 1, 1, 1, 1, 1]"
CASE OF SMIRNOV AND OTHERS v. RUSSIA,3,violation,1.0,True,0,10,"[1, 1, 1, 1, 1, 1, 1, 1, 1, 1]"
CASE OF PROKHORENKO AND OTHERS v. RUSSIA,3,violation,1.0,True,0,10,"[1, 1, 1, 1, 1, 1, 1, 1, 1, 1]"
CASE OF HEALY v. IRELAND,6,violation,2.0,True,0,10,"[1, 1, 1, 1, 5, 1, 1, 4, 1, 4]"
CASE OF SERGEY SMIRNOV v. UKRAINE,34,no_violation,2.0,False,1,10,"[5, 5, 3, 1, 1, 1, 1, 1, 1, 1]"
CASE OF PATALAKH v. GERMANY,5,violation,1.0,True,0,10,"[1, 1, 1, 1, 1, 1, 1, 1, 1, 1]"
CASE OF R.Š. v. LATVIA,2,no_violation,5.0,True,0,10,"[5, 5, 5, 5, 5, 5, 5, 5, 5, 5]"
CASE OF VUJOVIĆ v. MONTENEGRO,6,no_violation,5.0,True,0,10,"[5, 5, 5, 5, 5, 5, 5, 5, 5, 5]"
CASE OF CIOCODEICĂ v. ROMANIA,P1-1,no_violation,4.9,True,0,10,"[5, 5, 5, 5, 5, 5, 5, 5, 4, 5]"
CASE OF STARENKIY AND RUDOY v. UKRAINE,5,violation,4.6,False,2,10,"[5, 5, 5, 5, 5, 3, 5, 3, 5, 5]"
CASE OF DAINELIENĖ v. LITHUANIA,6,violation,1.0,True,0,10,"[1, 1, 1, 1, 1, 1, 1, 1, 1, 1]"
CASE OF VELLA v. MALTA,P1-1,violation,1.0,True,0,10,"[1, 1, 1, 1, 1, 1, 1, 1, 1, 1]"
CASE OF RUIZ PENA AND PEREZ OBERGHT v. MALTA,3,no_violation,3.0,False,0,10,"[5, 1, 1, 5, 1, 5, 1, 5, 5, 1]"
CASE OF ABDILLA v. MALTA,3,no_violation,4.2,True,0,10,"[5, 5, 5, 1, 5, 5, 1, 5, 5, 5]"
CASE OF MOCKUTĖ v. LITHUANIA,8,violation,1.0,True,0,10,"[1, 1, 1, 1, 1, 1, 1, 1, 1, 1]"
CASE OF SALAKHBEKOV AND ABUKAYEV v. RUSSIA,6,violation,1.0,True,0,10,"[1, 1, 1, 1, 1, 1, 1, 1, 1, 1]"
CASE OF NOVOTNÝ v. THE CZECH REPUBLIC,8,violation,1.0,True,0,10,"[1, 1, 1, 1, 1, 1, 1, 1, 1, 1]"
CASE OF NICHOLAS v. CYPRUS,6,violation,1.0,True,0,10,"[1, 1, 1, 1, 1, 1, 1, 1, 1, 1]"
CASE OF ASHAYEV AND OTHERS v. UKRAINE,13,violation,1.0,True,0,10,"[1, 1, 1, 1, 1, 1, 1, 1, 1, 1]"
CASE OF PÁZSI AND OTHERS v. HUNGARY,13,violation,1.0,True,0,10,"[1, 1, 1, 1, 1, 1, 1, 1, 1, 1]"
CASE OF CIOBOTARU AND OTHERS v. ROMANIA,3,violation,1.0,True,0,10,"[1, 1, 1, 1, 1, 1, 1, 1, 1, 1]"
CASE OF TLAPAK AND OTHERS v. GERMANY,8,no_violation,5.0,True,0,10,"[5, 5, 5, 5, 5, 5, 5, 5, 5, 5]"
CASE OF KARTVELISHVILI v. GEORGIA,6,violation,1.3,True,0,10,"[1, 1, 1, 2, 1, 2, 1, 1, 1, 2]"
CASE OF ROMAN CATHOLIC ARCHDIOCESE OF VRHBOSNA v. BOSNIA AND HERZEGOVINA,6,violation,1.0,True,0,10,"[1, 1, 1, 1, 1, 1, 1, 1, 1, 1]"
CASE OF SHARXHI AND OTHERS v. ALBANIA,6,violation,1.0,True,0,10,"[1, 1, 1, 1, 1, 1, 1, 1, 1, 1]"
CASE OF ALIYEV v. AZERBAIJAN,5,violation,1.0,True,0,10,"[1, 1, 1, 1, 1, 1, 1, 1, 1, 1]"
CASE OF CABRAL v. THE NETHERLANDS,6,violation,1.0,True,0,10,"[1, 1, 1, 1, 1, 1, 1, 1, 1, 1]"
CASE OF GRYTSENKO AND OTHERS v. UKRAINE,6,violation,1.0,True,0,10,"[1, 1, 1, 1, 1, 1, 1, 1, 1, 1]"
CASE OF VOYKIN AND OTHERS v. UKRAINE,5,no_violation,1.5,False,0,10,"[1, 2, 5, 1, 1, 1, 1, 1, 1, 1]"
CASE OF YAKUSHEV v. UKRAINE,8,violation,1.0,True,0,10,"[1, 1, 1, 1, 1, 1, 1, 1, 1, 1]"
CASE OF BIG BROTHER WATCH AND OTHERS v. THE UNITED KINGDOM,8,violation,1.0,True,0,10,"[1, 1, 1, 1, 1, 1, 1, 1, 1, 1]"
CASE OF YALANSKYY AND GALUNKA v. UKRAINE,13,violation,1.0,True,0,10,"[1, 1, 1, 1, 1, 1, 1, 1, 1, 1]"
CASE OF KHANI KABBARA v. CYPRUS,3,violation,1.0,True,0,10,"[1, 1, 1, 1, 1, 1, 1, 1, 1, 1]"
CASE OF SANDU AND OTHERS v. THE REPUBLIC OF MOLDOVA AND RUSSIA,13,no_violation,1.0,False,0,10,"[1, 1, 1, 1, 1, 1, 1, 1, 1, 1]"
CASE OF HÜLYA EBRU DEMİREL v. TURKEY,6,no_violation,3.8,True,0,10,"[1, 5, 5, 5, 4, 2, 4, 5, 5, 2]"
